naics,name,pci,rca,alm_emp,oked,oked_name
523210,Securities and Commodity Exchanges,2.65,4.14,384,6611,Управление финансовыми рынками
336112,Light Truck and Utility Vehicle Manufacturing ,2.53,1.0,478,2910,Производство автотранспортных средств
221118,Other Electric Power Generation ,2.42,1.82,10,3512,Передача электроэнергии
334613,Blank Magnetic and Optical Recording Media Manufacturing ,2.37,34.85,1,2680,Производство магнитных и оптических средств передачи информации
485111,Mixed Mode Transit Systems ,2.37,29.85,4,4931,Городской и пригородный пассажирский наземный транспорт
522293,International Trade Financing ,2.35,1.62,15,6492,Прочие виды кредитования
486990,All Other Pipeline Transportation,2.33,2.03,1,4950,Транспортирование по трубопроводу
332913,Plumbing Fixture Fitting and Trim Manufacturing ,2.2,3.47,131,2441,Производство благородных (драгоценных) металлов
311422,Specialty Canning ,2.19,2.0,42,1085,Производство готовых пищевых продуктов
523110,Investment Banking and Securities Dealing ,2.07,1.28,1627,6499,"Другие виды финансовых услуг, за исключением услуг страховых и пенсионных фондов, не отнесенные к прочим группировкам"
334112,Computer Storage Device Manufacturing ,1.94,1.24,72,2620,Производство компьютеров и периферийного оборудования
221330,Steam and Air-Conditioning Supply ,1.91,107.7,1431,3530,Системы подачи пара и кондиционирования воздуха
315190,Other Apparel Knitting Mills ,1.89,3.33,47,1439,Производство прочих вязаных и трикотажных изделий
331492,"Secondary Smelting, Refining, and Alloying of Nonferrous Metal (except Copper and Aluminum) ",1.87,3.06,126,2441,Производство благородных (драгоценных) металлов
334614,"Software and Other Prerecorded Compact Disc, Tape, and Record Reproducing ",1.86,2.53,78,1820,Воспроизведение записей с носителя
311930,Flavoring Syrup and Concentrate Manufacturing,1.84,1.59,130,1089,"Производство прочих продуктов питания, не включенных в другие категории"
512199,Other Motion Picture and Video Industries ,1.84,4.96,51,5913,"Деятельность по распространению кинофильмов, видео и телевизионных программ"
332919,Other Metal Valve and Pipe Fitting Manufacturing ,1.76,1.94,129,2410,"Производство чугуна, стали и ферросплавов"
311314,Cane Sugar Manufacturing ,1.75,10.47,491,1081,Производство сахара
339940,Office Supplies (except Paper) Manufacturing,1.74,1.56,128,2030,"Производство красок, лаков и аналогичных красящих веществ, типографской краски и мастики"
311225,Fats and Oils Refining and Blending ,1.73,20.96,692,1042,Производство маргарина и аналогичных пищевых жиров
522294,Secondary Market Financing ,1.72,1.28,319,6499,"Другие виды финансовых услуг, за исключением услуг страховых и пенсионных фондов, не отнесенные к прочим группировкам"
532112,Passenger Car Leasing ,1.71,1.29,143,7711,Аренда и сдача в аренду автомобилей и легковых автомобилей
311824,"Dry Pasta, Dough, and Flour Mixes Manufacturing from Purchased Flour ",1.71,1.54,289,1085,Производство готовых пищевых продуктов
327410,Lime Manufacturing,1.69,6.44,76,2351,"Производство цемента, включая клинкеры"
541830,Media Buying Agencies,1.66,3.25,944,7311,Деятельность рекламных агентств
561450,Credit Bureaus,1.64,3.89,1329,8291,Деятельность агентств по сбору платежей и кредитных бюро
423410,Photographic Equipment and Supplies Merchant Wholesalers ,1.64,1.23,88,4646,Оптовая торговля фармацевтическими товарами
485119,Other Urban Transit Systems ,1.62,29.85,69,4931,Городской и пригородный пассажирский наземный транспорт
311813,"Frozen Cakes, Pies, and Other Pastries Manufacturing ",1.6,2.01,351,1071,"Производство хлеба; производство свежих мучных кондитерских изделий, тортов и пирожных"
331313,Alumina Refining and Primary Aluminum Production ,1.55,3.06,8,2441,Производство благородных (драгоценных) металлов
331222,Steel Wire Drawing ,1.5,3.32,204,2732,Производство прочих видов электропровода и кабеля
512120,Motion Picture and Video Distribution,1.49,4.59,136,5913,"Деятельность по распространению кинофильмов, видео и телевизионных программ"
334118,Computer Terminal and Other Computer Peripheral Equipment Manufacturing ,1.48,1.24,120,2620,Производство компьютеров и периферийного оборудования
334111,Electronic Computer Manufacturing ,1.46,1.24,133,2620,Производство компьютеров и периферийного оборудования
316110,Leather and Hide Tanning and Finishing,1.46,4.75,52,1511,Дубление и выделка кожи; выделка и окрашивание меха
327332,Concrete Pipe Manufacturing ,1.44,2.54,103,2361,Производство строительных изделий из бетона
312113,Ice Manufacturing ,1.36,107.7,3288,3530,Системы подачи пара и кондиционирования воздуха
327420,Gypsum Product Manufacturing,1.35,8.98,529,2351,"Производство цемента, включая клинкеры"
335929,Other Communication and Energy Wire Manufacturing ,1.33,1.33,156,2732,Производство прочих видов электропровода и кабеля
331221,Rolled Steel Shape Manufacturing ,1.29,1.88,226,2410,"Производство чугуна, стали и ферросплавов"
331410,Nonferrous Metal (except Aluminum) Smelting and Refining ,1.28,3.06,172,2441,Производство благородных (драгоценных) металлов
517410,Satellite Telecommunications,1.28,2.4,317,6190,Другие виды телекоммуникационных услуг
522190,Other Depository Credit Intermediation ,1.26,1.78,0,6419,Другие виды денежно-кредитного посредничества
331491,"Nonferrous Metal (except Copper and Aluminum) Rolling, Drawing, and Extruding ",1.25,3.16,337,2441,Производство благородных (драгоценных) металлов
425110,Business to Business Electronic Markets ,1.22,1.93,77,4619,Деятельность агентов по торговле товарами широкого ассортимента
311351,Chocolate and Confectionery Manufacturing from Cacao Beans ,1.17,6.03,500,1082,"Производство какао, шоколада и сахаристых кондитерских изделий"
325311,Nitrogenous Fertilizer Manufacturing ,1.16,1.31,17,2015,Производство удобрений и азотосодержащих соединений
515210,Cable and Other Subscription Programming,1.15,1.71,1162,6120,Беспроводная телекоммуникационная связь
315280,Other Cut and Sew Apparel Manufacturing ,1.15,3.03,111,1413,Производство прочей верхней одежды
312112,Bottled Water Manufacturing ,1.15,2.08,187,1107,Производство минеральных вод и других безалкогольных напитков
519110,News Syndicates,1.14,5.2,329,6391,Деятельность информационных агентств
331315,"Aluminum Sheet, Plate, and Foil Manufacturing ",1.14,3.06,162,2441,Производство благородных (драгоценных) металлов
523130,Commodity Contracts Dealing ,1.12,1.78,229,6499,"Другие виды финансовых услуг, за исключением услуг страховых и пенсионных фондов, не отнесенные к прочим группировкам"
512132,Drive-In Motion Picture Theaters ,1.11,1.08,4,5914,Деятельность по показу кинофильмов
315240,"Women’s, Girls’, and Infants’ Cut and Sew Apparel Manufacturing ",1.11,3.03,285,1413,Производство прочей верхней одежды
423520,Coal and Other Mineral and Ore Merchant Wholesalers ,1.1,1.22,19,4671,"Оптовая торговля твердым, жидким и газообразным топливом и подобными продуктами"
337920,Blind and Shade Manufacturing,1.09,1.24,114,1392,"Производство готовых текстильных изделий, кроме одежды"
488111,Air Traffic Control,1.09,1.33,10,5223,Услуги в области воздушного транспорта
311412,Frozen Specialty Food Manufacturing ,1.07,4.37,2168,1071,"Производство хлеба; производство свежих мучных кондитерских изделий, тортов и пирожных"
325312,Phosphatic Fertilizer Manufacturing ,1.07,1.39,11,2015,Производство удобрений и азотосодержащих соединений
311941,"Mayonnaise, Dressing, and Other Prepared Sauce Manufacturing ",1.04,1.59,313,1089,"Производство прочих продуктов питания, не включенных в другие категории"
488999,All Other Support Activities for Transportation ,1.03,5.51,243,5229,Прочие сопроводительные услуги при перевозках
113210,Forest Nurseries and Gathering of Forest Products ,1.03,21.07,49,210,Лесоводство и прочая лесохозяйственная деятельность
327999,All Other Miscellaneous Nonmetallic Mineral Product Manufacturing ,1.02,3.58,344,2361,Производство строительных изделий из бетона
315220,Men’s and Boys’ Cut and Sew Apparel Manufacturing ,1.02,3.02,355,1413,Производство прочей верхней одежды
541840,Media Representatives,0.98,3.25,991,7311,Деятельность рекламных агентств
485113,Bus and Other Motor Vehicle Transit Systems ,0.97,29.85,12671,4931,Городской и пригородный пассажирский наземный транспорт
327310,Cement Manufacturing,0.97,6.44,344,2351,"Производство цемента, включая клинкеры"
312111,Soft Drink Manufacturing ,0.97,2.08,1429,1107,Производство минеральных вод и других безалкогольных напитков
522210,Credit Card Issuing ,0.96,1.62,1385,6492,Прочие виды кредитования
336111,Automobile Manufacturing ,0.95,1.0,335,2910,Производство автотранспортных средств
611630,Language Schools ,0.95,3.18,812,8559,"Прочие виды образования, не включенные в другие категории"
336120,Heavy Duty Truck Manufacturing,0.94,1.0,53,2910,Производство автотранспортных средств
336213,Motor Home Manufacturing ,0.94,1.0,79,2910,Производство автотранспортных средств
339991,"Gasket, Packing, and Sealing Device Manufacturing ",0.94,1.47,476,2219,Производство прочей резиновой продукции
332912,Fluid Power Valve and Hose Fitting Manufacturing ,0.93,4.97,1373,2441,Производство благородных (драгоценных) металлов
311821,Cookie and Cracker Manufacturing ,0.92,2.01,509,1071,"Производство хлеба; производство свежих мучных кондитерских изделий, тортов и пирожных"
541420,Industrial Design Services,0.92,1.06,181,7410,Специализированные работы по дизайну
315990,Apparel Accessories and Other Apparel Manufacturing ,0.92,3.43,233,1413,Производство прочей верхней одежды
451212,News Dealers and Newsstands ,0.92,1.11,32,4762,Розничная торговля газетами и канцелярскими товарами в специализированных магазинах
311511,Fluid Milk Manufacturing ,0.91,1.92,719,1051,Переработка молока и производство сыра
333618,Other Engine Equipment Manufacturing ,0.9,1.25,256,2910,Производство автотранспортных средств
519130,Internet Publishing and Broadcasting and Web Search Portals,0.89,2.3,11854,6312,Веб-порталы
331318,"Other Aluminum Rolling, Drawing, and Extruding ",0.89,4.49,722,2441,Производство благородных (драгоценных) металлов
812930,Parking Lots and Garages ,0.88,9.31,16439,9609,"Предоставление прочих услуг, не включенных в другие группировки"
711120,Dance Companies ,0.84,1.2,169,9001,Продюсерская деятельность
337910,Mattress Manufacturing,0.83,1.29,244,3109,Производство прочей мебели
481111,Scheduled Passenger Air Transportation ,0.83,1.08,7436,5110,Воздушный пассажирский транспорт
311830,Tortilla Manufacturing,0.82,2.01,367,1071,"Производство хлеба; производство свежих мучных кондитерских изделий, тортов и пирожных"
212399,All Other Nonmetallic Mineral Mining ,0.82,6.11,28,899,"Прочие отрасли горнодобывающей промышленности, не включенные в другие категории"
448320,Luggage and Leather Goods Stores ,0.79,1.93,146,4771,Розничная торговля одеждой в специализированных магазинах
541910,Marketing Research and Public Opinion Polling,0.78,5.13,5451,7320,Исследование конъюнктуры рынка и изучение общественного мнения
311942,Spice and Extract Manufacturing ,0.78,1.6,399,1089,"Производство прочих продуктов питания, не включенных в другие категории"
541870,Advertising Material Distribution Services,0.77,3.25,471,7311,Деятельность рекламных агентств
336360,Motor Vehicle Seating and Interior Trim Manufacturing,0.76,1.17,782,1392,"Производство готовых текстильных изделий, кроме одежды"
311514,"Dry, Condensed, and Evaporated Dairy Product Manufacturing ",0.75,1.92,110,1051,Переработка молока и производство сыра
311340,Nonchocolate Confectionery Manufacturing,0.73,6.03,1365,1082,"Производство какао, шоколада и сахаристых кондитерских изделий"
331314,Secondary Smelting and Alloying of Aluminum ,0.72,3.06,76,2441,Производство благородных (драгоценных) металлов
323120,Support Activities for Printing,0.72,2.38,502,1813,Изготовление печатных форм и информационная деятельность
315210,Cut and Sew Apparel Contractors ,0.72,3.03,846,1413,Производство прочей верхней одежды
519190,All Other Information Services,0.71,18.31,2161,6399,"Прочие виды деятельности информационных агентств, не упомянутых ни в одной из перечисленных категорий"
311991,Perishable Prepared Food Manufacturing ,0.71,1.62,1400,1089,"Производство прочих продуктов питания, не включенных в другие категории"
221117,Biomass Electric Power Generation ,0.71,1.82,29,3512,Передача электроэнергии
311520,Ice Cream and Frozen Dessert Manufacturing,0.68,1.05,142,1051,Переработка молока и производство сыра
221114,Solar Electric Power Generation ,0.68,1.82,205,3512,Передача электроэнергии
336999,All Other Transportation Equipment Manufacturing ,0.68,1.03,123,2910,Производство автотранспортных средств
311919,Other Snack Food Manufacturing ,0.67,2.73,1012,1071,"Производство хлеба; производство свежих мучных кондитерских изделий, тортов и пирожных"
611210,Junior Colleges ,0.66,1.6,747,8542,Высшее образование
611420,Computer Training ,0.66,3.18,995,8559,"Прочие виды образования, не включенные в другие категории"
561312,Executive Search Services ,0.65,1.03,523,7810,Деятельность агентств по трудоустройству
522220,Sales Financing ,0.65,2.1,2271,6492,Прочие виды кредитования
316210,Footwear Manufacturing ,0.64,2.22,78,1520,Производство обуви
337215,"Showcase, Partition, Shelving, and Locker Manufacturing ",0.62,1.83,457,2511,Производство строительных металлических конструкций и изделий
213115,Support Activities for Nonmetallic Minerals (except Fuels) Mining ,0.61,20.38,325,990,Техническая поддержка для прочих областей горнодобывающей промышленности и подземной разработки
332996,Fabricated Pipe and Pipe Fitting Manufacturing ,0.6,4.94,1348,2441,Производство благородных (драгоценных) металлов
517919,All Other Telecommunications ,0.57,2.37,775,6190,Другие виды телекоммуникационных услуг
424440,Poultry and Poultry Product Merchant Wholesalers ,0.56,1.66,112,4639,"Неспециализированная оптовая торговля продуктами питания, напитками и табачными изделиями"
311999,All Other Miscellaneous Food Manufacturing ,0.56,2.69,677,1085,Производство готовых пищевых продуктов
541860,Direct Mail Advertising,0.54,3.25,1266,7311,Деятельность рекламных агентств
327331,Concrete Block and Brick Manufacturing ,0.52,2.54,350,2361,Производство строительных изделий из бетона
322220,Paper Bag and Coated and Treated Paper Manufacturing,0.5,4.44,2283,2441,Производство благородных (драгоценных) металлов
561613,Armored Car Services ,0.5,4.6,1417,8010,Деятельность частных охранных служб
488991,Packing and Crating ,0.5,3.47,736,5229,Прочие сопроводительные услуги при перевозках
311211,Flour Milling ,0.43,1.13,78,1039,Прочие виды переработки и консервирования фруктов и овощей
423450,"Medical, Dental, and Hospital Equipment and Supplies Merchant Wholesalers ",0.42,1.23,4060,4646,Оптовая торговля фармацевтическими товарами
561499,All Other Business Support Services ,0.4,1.5,936,8299,"Прочие виды вспомогательного обслуживания хозяйственной деятельности, не включенные в другие категории"
811211,Consumer Electronics Repair and Maintenance ,0.39,1.2,211,9512,Ремонт коммуникационного оборудования
515111,Radio Networks ,0.39,1.44,178,6120,Беспроводная телекоммуникационная связь
331420,"Copper Rolling, Drawing, Extruding, and Alloying",0.39,4.49,647,2441,Производство благородных (драгоценных) металлов
339113,Surgical Appliance and Supplies Manufacturing ,0.38,1.13,1197,2120,Производство фармацевтических препаратов
321219,Reconstituted Wood Product Manufacturing ,0.37,1.82,46,1621,"Производство шпона, фанеры, плит и панелей"
327120,Clay Building Material and Refractories Manufacturing ,0.37,3.79,689,2332,"Производство кирпича, черепицы и прочих строительных изделий из обожженной глины"
561491,Repossession Services ,0.36,1.33,107,8299,"Прочие виды вспомогательного обслуживания хозяйственной деятельности, не включенные в другие категории"
311111,Dog and Cat Food Manufacturing ,0.36,1.07,197,1091,"Производство готовых кормов для животных, содержащихся на фермах"
114210,Hunting and Trapping,0.36,8.97,71,170,"Охота и отлов, включая предоставление услуг в этих областях"
712130,Zoos and Botanical Gardens ,0.36,2.01,951,9104,"Деятельность ботанических садов, зоопарков и заповедников"
541720,Research and Development in the Social Sciences and Humanities ,0.36,1.75,1114,7220,Исследования и экспериментальные разработки в области общественных и гуманитарных наук
561611,Investigation Services ,0.35,4.65,2419,8010,Деятельность частных охранных служб
424470,Meat and Meat Product Merchant Wholesalers ,0.35,1.36,894,4639,"Неспециализированная оптовая торговля продуктами питания, напитками и табачными изделиями"
316998,All Other Leather Good and Allied Product Manufacturing ,0.35,5.35,324,1520,Производство обуви
321211,Hardwood Veneer and Plywood Manufacturing ,0.34,1.82,91,1621,"Производство шпона, фанеры, плит и панелей"
711190,Other Performing Arts Companies ,0.34,1.8,167,9001,Продюсерская деятельность
424410,General Line Grocery Merchant Wholesalers ,0.3,1.36,2819,4639,"Неспециализированная оптовая торговля продуктами питания, напитками и табачными изделиями"
327110,"Pottery, Ceramics, and Plumbing Fixture Manufacturing ",0.28,1.52,141,2332,"Производство кирпича, черепицы и прочих строительных изделий из обожженной глины"
331110,Iron and Steel Mills and Ferroalloy Manufacturing ,0.28,1.88,1104,2410,"Производство чугуна, стали и ферросплавов"
481219,Other Nonscheduled Air Transportation ,0.26,1.08,60,5110,Воздушный пассажирский транспорт
541810,Advertising Agencies,0.23,3.25,9263,7311,Деятельность рекламных агентств
424820,Wine and Distilled Alcoholic Beverage Merchant Wholesalers ,0.22,1.36,1775,4639,"Неспециализированная оптовая торговля продуктами питания, напитками и табачными изделиями"
221121,Electric Bulk Power Transmission and Control ,0.22,1.82,304,3512,Передача электроэнергии
423220,Home Furnishing Merchant Wholesalers ,0.22,1.44,1771,4646,Оптовая торговля фармацевтическими товарами
114119,Other Marine Fishing ,0.2,2.02,2,312,Пресноводное рыболовство
541930,Translation and Interpretation Services,0.2,2.16,1213,7490,"Прочая профессиональная, научная и техническая деятельность, не включенная в другие категории"
712190,Nature Parks and Other Similar Institutions,0.19,2.01,146,9104,"Деятельность ботанических садов, зоопарков и заповедников"
711410,"Agents and Managers for Artists, Athletes, Entertainers, and Other Public Figures",0.18,2.16,764,7490,"Прочая профессиональная, научная и техническая деятельность, не включенная в другие категории"
424430,Dairy Product (except Dried or Canned) Merchant Wholesalers ,0.18,1.36,606,4639,"Неспециализированная оптовая торговля продуктами питания, напитками и табачными изделиями"
336310,Motor Vehicle Gasoline Engine and Engine Parts Manufacturing,0.18,1.03,407,2910,Производство автотранспортных средств
325998,All Other Miscellaneous Chemical Product and Preparation Manufacturing ,0.16,1.23,544,2030,"Производство красок, лаков и аналогичных красящих веществ, типографской краски и мастики"
551111,Offices of Bank Holding Companies ,0.13,1.45,76,6420,Деятельность холдинговых компаний
424420,Packaged Frozen Food Merchant Wholesalers ,0.12,1.36,1305,4639,"Неспециализированная оптовая торговля продуктами питания, напитками и табачными изделиями"
481211,Nonscheduled Chartered Passenger Air Transportation ,0.11,1.08,557,5110,Воздушный пассажирский транспорт
561492,Court Reporting and Stenotype Services ,0.11,1.33,220,8299,"Прочие виды вспомогательного обслуживания хозяйственной деятельности, не включенные в другие категории"
336211,Motor Vehicle Body Manufacturing ,0.09,1.07,480,2910,Производство автотранспортных средств
424940,Tobacco and Tobacco Product Merchant Wholesalers ,0.08,1.36,775,4639,"Неспециализированная оптовая торговля продуктами питания, напитками и табачными изделиями"
512110,Motion Picture and Video Production ,0.08,1.83,4089,5911,"Деятельность по производству кино-, видеофильмов и телевизионных программ"
325180,Other Basic Inorganic Chemical Manufacturing ,0.06,1.39,472,2015,Производство удобрений и азотосодержащих соединений
221113,Nuclear Electric Power Generation ,0.05,1.82,429,3512,Передача электроэнергии
336510,Railroad Rolling Stock Manufacturing,0.05,1.01,203,2910,Производство автотранспортных средств
445291,Baked Goods Stores ,0.05,9.24,2041,4724,"Розничная торговля хлебобулочными, мучными и сахаристыми кондитерскими изделиями в специализированных магазинах"
541519,Other Computer Related Services,0.05,5.26,11114,6209,Другие виды деятельности в области информационных технологий и компьютерных систем
311812,Commercial Bakeries ,0.04,2.01,3084,1071,"Производство хлеба; производство свежих мучных кондитерских изделий, тортов и пирожных"
488390,Other Support Activities for Water Transportation,0.03,4.42,417,5229,Прочие сопроводительные услуги при перевозках
311352,Confectionery Manufacturing from Purchased Chocolate ,0.02,6.03,1811,1082,"Производство какао, шоколада и сахаристых кондитерских изделий"
325314,Fertilizer (Mixing Only) Manufacturing ,0.02,1.31,87,2015,Производство удобрений и азотосодержащих соединений
561440,Collection Agencies,0.01,16.01,17985,8411,Государственное управление общего характера
523910,Miscellaneous Intermediation ,0.01,6.12,5104,6820,Аренда и управление собственной или арендуемой недвижимостью
311423,Dried and Dehydrated Food Manufacturing ,0.01,1.59,208,1089,"Производство прочих продуктов питания, не включенных в другие категории"
524113,Direct Life Insurance Carriers ,0.01,1.88,7217,6511,Страхование жизни
541490,Other Specialized Design Services,0.0,1.06,163,7410,Специализированные работы по дизайну
423210,Furniture Merchant Wholesalers ,-0.01,1.23,1115,4646,Оптовая торговля фармацевтическими товарами
611512,Flight Training ,-0.01,3.76,1020,8559,"Прочие виды образования, не включенные в другие категории"
315110,Hosiery and Sock Mills,-0.03,3.33,148,1439,Производство прочих вязаных и трикотажных изделий
311221,Wet Corn Milling ,-0.03,20.96,821,1042,Производство маргарина и аналогичных пищевых жиров
314999,All Other Miscellaneous Textile Product Mills ,-0.03,3.92,1128,1413,Производство прочей верхней одежды
488119,Other Airport Operations ,-0.03,2.2,4140,5223,Услуги в области воздушного транспорта
551112,Offices of Other Holding Companies ,-0.05,1.45,1748,6420,Деятельность холдинговых компаний
314910,Textile Bag and Canvas Mills ,-0.07,1.08,197,1392,"Производство готовых текстильных изделий, кроме одежды"
711130,Musical Groups and Artists ,-0.08,1.2,642,9001,Продюсерская деятельность
424130,Industrial and Personal Service Paper Merchant Wholesalers ,-0.08,1.11,950,4646,Оптовая торговля фармацевтическими товарами
611692,Automobile Driving Schools ,-0.09,3.18,649,8559,"Прочие виды образования, не включенные в другие категории"
311421,Fruit and Vegetable Canning ,-0.09,1.59,630,1089,"Производство прочих продуктов питания, не включенных в другие категории"
423940,"Jewelry, Watch, Precious Stone, and Precious Metal Merchant Wholesalers ",-0.12,1.11,582,4646,Оптовая торговля фармацевтическими товарами
611310,"Colleges, Universities, and Professional Schools ",-0.12,1.6,38408,8542,Высшее образование
424590,Other Farm Product Raw Material Merchant Wholesalers ,-0.12,1.66,190,4639,"Неспециализированная оптовая торговля продуктами питания, напитками и табачными изделиями"
812191,Diet and Weight Reducing Centers ,-0.14,8.9,1525,9609,"Предоставление прочих услуг, не включенных в другие группировки"
236116,New Multifamily Housing Construction (except For-Sale Builders) ,-0.15,1.56,1202,4120,Строительство жилых и нежилых зданий
541850,Outdoor Advertising,-0.16,3.25,933,7311,Деятельность рекламных агентств
541890,Other Services Related to Advertising ,-0.17,3.25,3977,7311,Деятельность рекламных агентств
813940,Political Organizations ,-0.17,1.52,180,9492,Деятельность политических организаций
611691,Exam Preparation and Tutoring ,-0.19,4.56,6846,8559,"Прочие виды образования, не включенные в другие категории"
424460,Fish and Seafood Merchant Wholesalers ,-0.2,1.36,368,4639,"Неспециализированная оптовая торговля продуктами питания, напитками и табачными изделиями"
561311,Employment Placement Agencies ,-0.2,1.03,2397,7810,Деятельность агентств по трудоустройству
561510,Travel Agencies,-0.22,5.31,5545,7911,Деятельность туристских агентств
311612,Meat Processed from Carcasses ,-0.23,1.23,1690,1089,"Производство прочих продуктов питания, не включенных в другие категории"
424450,Confectionery Merchant Wholesalers ,-0.24,1.36,690,4639,"Неспециализированная оптовая торговля продуктами питания, напитками и табачными изделиями"
711110,Theater Companies and Dinner Theaters ,-0.25,1.2,1123,9001,Продюсерская деятельность
339910,Jewelry and Silverware Manufacturing ,-0.25,1.17,269,3212,Производство ювелирных изделий
611430,Professional and Management Development Training ,-0.26,3.18,2607,8559,"Прочие виды образования, не включенные в другие категории"
813920,Professional Organizations ,-0.27,5.69,6909,9412,Деятельность профессиональных организаций
541614,"Process, Physical Distribution, and Logistics Consulting Services ",-0.27,2.61,3362,7490,"Прочая профессиональная, научная и техническая деятельность, не включенная в другие категории"
541618,Other Management Consulting Services ,-0.28,2.16,1520,7490,"Прочая профессиональная, научная и техническая деятельность, не включенная в другие категории"
561330,Professional Employer Organizations,-0.28,8.72,18832,7830,Деятельность прочих организаций по работе с персоналом
332313,Plate Work Manufacturing ,-0.29,1.17,552,2511,Производство строительных металлических конструкций и изделий
452210,Department Stores ,-0.29,1.84,4480,4719,Прочая розничная торговля в неспециализированных магазинах
488490,Other Support Activities for Road Transportation ,-0.3,4.75,2240,5229,Прочие сопроводительные услуги при перевозках
561520,Tour Operators,-0.31,4.15,1480,7912,Деятельность туристских операторов
327390,Other Concrete Product Manufacturing ,-0.32,2.54,1776,2361,Производство строительных изделий из бетона
451140,Musical Instrument and Supplies Stores ,-0.32,1.95,710,4754,Розничная торговля электрическими бытовыми приборами в специализированных магазинах
811213,Communication Equipment Repair and Maintenance ,-0.34,1.2,167,9512,Ремонт коммуникационного оборудования
486910,Pipeline Transportation of Refined Petroleum Products,-0.35,2.03,184,4950,Транспортирование по трубопроводу
487110,"Scenic and Sightseeing Transportation, Land",-0.36,31.01,3069,4910,"Пассажирский железнодорожный транспорт, междугородний"
454210,Vending Machine Operators ,-0.37,6.02,3012,4799,"Другие виды розничной торговли вне магазинов, торговых палаток или рынков"
541511,Custom Computer Programming Services ,-0.37,1.95,26089,6201,Деятельность в области компьютерного программирования
424810,Beer and Ale Merchant Wholesalers ,-0.38,1.36,1692,4639,"Неспециализированная оптовая торговля продуктами питания, напитками и табачными изделиями"
561622,Locksmiths ,-0.41,1.9,396,8020,Деятельность в области систем охраны
561621,Security Systems Services (except Locksmiths) ,-0.41,1.9,3304,8020,Деятельность в области систем охраны
541410,Interior Design Services,-0.43,1.06,821,7410,Специализированные работы по дизайну
445220,Fish and Seafood Markets ,-0.44,9.24,1302,4724,"Розничная торговля хлебобулочными, мучными и сахаристыми кондитерскими изделиями в специализированных магазинах"
221115,Wind Electric Power Generation ,-0.45,1.82,173,3512,Передача электроэнергии
424480,Fresh Fruit and Vegetable Merchant Wholesalers ,-0.46,1.36,1997,4639,"Неспециализированная оптовая торговля продуктами питания, напитками и табачными изделиями"
339999,All Other Miscellaneous Manufacturing ,-0.46,4.44,2129,1413,Производство прочей верхней одежды
711320,"Promoters of Performing Arts, Sports, and Similar Events without Facilities ",-0.48,2.32,1230,9001,Продюсерская деятельность
423910,Sporting and Recreational Goods and Supplies Merchant Wholesalers ,-0.48,1.41,1286,4646,Оптовая торговля фармацевтическими товарами
811212,Computer and Office Machine Repair and Maintenance ,-0.49,5.55,2007,9511,Ремонт компьютеров и периферийного оборудования
488210,Support Activities for Rail Transportation,-0.5,1.63,892,5224,Транспортная обработка грузов
611699,All Other Miscellaneous Schools and Instruction ,-0.52,3.66,2753,8559,"Прочие виды образования, не включенные в другие категории"
213114,Support Activities for Metal Mining ,-0.52,20.38,505,990,Техническая поддержка для прочих областей горнодобывающей промышленности и подземной разработки
515120,Television Broadcasting,-0.52,1.71,3317,6120,Беспроводная телекоммуникационная связь
711310,"Promoters of Performing Arts, Sports, and Similar Events with Facilities ",-0.53,2.46,4898,9001,Продюсерская деятельность
445292,Confectionery and Nut Stores ,-0.53,9.24,2613,4724,"Розничная торговля хлебобулочными, мучными и сахаристыми кондитерскими изделиями в специализированных магазинах"
611710,Educational Support Services,-0.54,2.77,5187,8560,Вспомогательные образовательные услуги
113110,Timber Tract Operations,-0.54,21.07,279,210,Лесоводство и прочая лесохозяйственная деятельность
424990,Other Miscellaneous Nondurable Goods Merchant Wholesalers ,-0.55,52.42,54359,4690,Неспециализированная оптовая торговля
713920,Skiing Facilities,-0.55,1.3,614,9329,Прочие виды деятельности по организации отдыха и развлечений
517911,Telecommunications Resellers ,-0.55,2.37,1236,6190,Другие виды телекоммуникационных услуг
221112,Fossil Fuel Electric Power Generation ,-0.56,1.82,1239,3512,Передача электроэнергии
561612,Security Guards and Patrol Services ,-0.56,4.6,50832,8010,Деятельность частных охранных служб
487990,"Scenic and Sightseeing Transportation, Other",-0.56,1.78,60,5110,Воздушный пассажирский транспорт
311224,Soybean and Other Oilseed Processing ,-0.57,20.65,782,1042,Производство маргарина и аналогичных пищевых жиров
453210,Office Supplies and Stationery Stores ,-0.57,1.11,626,4762,Розничная торговля газетами и канцелярскими товарами в специализированных магазинах
812111,Barber Shops ,-0.58,1.08,432,9602,Предоставление услуг парикмахерскими и салонами красоты
332999,All Other Miscellaneous Fabricated Metal Product Manufacturing ,-0.58,3.5,2758,2441,Производство благородных (драгоценных) металлов
811198,All Other Automotive Repair and Maintenance ,-0.59,2.04,582,7120,Технические испытания и анализы
221111,Hydroelectric Power Generation ,-0.59,1.82,58,3512,Передача электроэнергии
423850,Service Establishment Equipment and Supplies Merchant Wholesalers ,-0.59,1.23,914,4646,Оптовая торговля фармацевтическими товарами
339950,Sign Manufacturing,-0.59,1.31,1266,1812,Прочие виды печатного производства
451130,"Sewing, Needlework, and Piece Goods Stores ",-0.61,2.86,1189,4751,Розничная торговля текстильными изделиями в специализированных магазинах
541430,Graphic Design Services,-0.63,1.06,722,7410,Специализированные работы по дизайну
722320,Caterers,-0.63,3.72,7739,5621,Доставка пищи на заказ
114112,Shellfish Fishing ,-0.64,2.02,22,312,Пресноводное рыболовство
448130,Children's and Infants' Clothing Stores ,-0.64,1.15,395,4771,Розничная торговля одеждой в специализированных магазинах
488190,Other Support Activities for Air Transportation,-0.65,1.67,2281,5223,Услуги в области воздушного транспорта
512131,Motion Picture Theaters (except Drive-Ins) ,-0.65,1.08,1619,5914,Деятельность по показу кинофильмов
311513,Cheese Manufacturing ,-0.66,1.92,945,1051,Переработка молока и производство сыра
532120,"Truck, Utility Trailer, and RV (Recreational Vehicle) Rental and Leasing ",-0.66,1.91,2118,7711,Аренда и сдача в аренду автомобилей и легковых автомобилей
321999,All Other Miscellaneous Wood Product Manufacturing ,-0.67,1.33,355,3109,Производство прочей мебели
236210,Industrial Building Construction ,-0.67,2.07,1848,4120,Строительство жилых и нежилых зданий
448110,Men's Clothing Stores ,-0.68,1.15,736,4771,Розничная торговля одеждой в специализированных магазинах
311710,Seafood Product Preparation and Packaging,-0.68,24.43,4797,1042,Производство маргарина и аналогичных пищевых жиров
115116,Farm Management Services ,-0.69,1.66,58,161,Вспомогательные виды деятельности в области выращивания сельскохозяйственных культур
423990,Other Miscellaneous Durable Goods Merchant Wholesalers ,-0.69,50.78,56428,4690,Неспециализированная оптовая торговля
541990,"All Other Professional, Scientific, and Technical Services",-0.69,2.51,4709,7490,"Прочая профессиональная, научная и техническая деятельность, не включенная в другие категории"
488510,Freight Transportation Arrangement ,-0.69,3.47,15727,5229,Прочие сопроводительные услуги при перевозках
445230,Fruit and Vegetable Markets ,-0.7,9.61,2606,4724,"Розничная торговля хлебобулочными, мучными и сахаристыми кондитерскими изделиями в специализированных магазинах"
321212,Softwood Veneer and Plywood Manufacturing ,-0.7,1.82,85,1621,"Производство шпона, фанеры, плит и панелей"
423310,"Lumber, Plywood, Millwork, and Wood Panel Merchant Wholesalers ",-0.71,1.13,1951,4646,Оптовая торговля фармацевтическими товарами
532284,Recreational Goods Rental ,-0.73,2.06,403,7721,Прокат и аренда развлекательного и спортивного инвентаря
522292,Real Estate Credit ,-0.73,1.62,5327,6492,Прочие виды кредитования
311811,Retail Bakeries ,-0.74,2.01,2398,1071,"Производство хлеба; производство свежих мучных кондитерских изделий, тортов и пирожных"
541380,Testing Laboratories,-0.75,1.61,3458,7120,Технические испытания и анализы
541620,Environmental Consulting Services,-0.77,2.16,2637,7490,"Прочая профессиональная, научная и техническая деятельность, не включенная в другие категории"
236117,New Housing For-Sale Builders ,-0.83,1.56,2848,4120,Строительство жилых и нежилых зданий
212210,Iron Ore Mining,-0.83,1.11,54,710,Добыча железной руды
445299,All Other Specialty Food Stores ,-0.83,9.98,5676,4724,"Розничная торговля хлебобулочными, мучными и сахаристыми кондитерскими изделиями в специализированных магазинах"
442299,All Other Home Furnishings Stores ,-0.83,3.04,5830,4754,Розничная торговля электрическими бытовыми приборами в специализированных магазинах
532111,Passenger Car Rental ,-0.84,1.29,1512,7711,Аренда и сдача в аренду автомобилей и легковых автомобилей
611610,Fine Arts Schools ,-0.84,1.51,2649,8552,Образование в сфере культуры
448150,Clothing Accessories Stores ,-0.84,2.35,1699,4778,Другие виды розничной торговли новыми товарами в специализированных магазинах
446130,Optical Goods Stores ,-0.85,1.2,1331,4778,Другие виды розничной торговли новыми товарами в специализированных магазинах
445210,Meat Markets ,-0.85,9.24,5549,4724,"Розничная торговля хлебобулочными, мучными и сахаристыми кондитерскими изделиями в специализированных магазинах"
238290,Other Building Equipment Contractors ,-0.86,2.29,4627,4329,Прочие строительно-монтажные работы
326199,All Other Plastics Product Manufacturing ,-0.87,1.08,5112,3109,Производство прочей мебели
115113,"Crop Harvesting, Primarily by Machine ",-0.88,1.38,36,161,Вспомогательные виды деятельности в области выращивания сельскохозяйственных культур
812990,All Other Personal Services ,-0.89,11.37,13793,9609,"Предоставление прочих услуг, не включенных в другие группировки"
451211,Book Stores ,-0.89,1.11,720,4762,Розничная торговля газетами и канцелярскими товарами в специализированных магазинах
425120,Wholesale Trade Agents and Brokers ,-0.89,1.93,5978,4619,Деятельность агентов по торговле товарами широкого ассортимента
443141,Household Appliance Stores ,-0.9,1.98,1208,4754,Розничная торговля электрическими бытовыми приборами в специализированных магазинах
561210,Facilities Support Services,-0.92,3.24,10278,8110,Комплексное обслуживание объектов
212325,Clay and Ceramic and Refractory Minerals Mining ,-0.92,6.11,23,899,"Прочие отрасли горнодобывающей промышленности, не включенные в другие категории"
452311,Warehouse Clubs and Supercenters ,-0.92,1.98,48387,4719,Прочая розничная торговля в неспециализированных магазинах
453930,Manufactured (Mobile) Home Dealers ,-0.93,1.2,111,4778,Другие виды розничной торговли новыми товарами в специализированных магазинах
423610,"Electrical Apparatus and Equipment, Wiring Supplies, and Related Equipment Merchant Wholesalers ",-0.93,1.55,4906,4646,Оптовая торговля фармацевтическими товарами
115115,Farm Labor Contractors and Crew Leaders ,-0.94,1.38,249,161,Вспомогательные виды деятельности в области выращивания сельскохозяйственных культур
812199,Other Personal Care Services ,-0.95,8.9,23099,9609,"Предоставление прочих услуг, не включенных в другие группировки"
519120,Libraries and Archives ,-0.95,3.48,1096,9101,Деятельность библиотек и архивов
454110,Electronic Shopping and Mail-Order Houses ,-0.95,3.35,41234,4791,"Розничная торговля через фирмы, выполняющие заказы по почте и через Интернет"
448190,Other Clothing Stores ,-0.95,1.15,1678,4771,Розничная торговля одеждой в специализированных магазинах
453910,Pet and Pet Supplies Stores ,-0.96,1.2,2006,4778,Другие виды розничной торговли новыми товарами в специализированных магазинах
114111,Finfish Fishing ,-0.96,2.02,54,312,Пресноводное рыболовство
311512,Creamery Butter Manufacturing ,-0.96,1.05,17,1051,Переработка молока и производство сыра
486110,Pipeline Transportation of Crude Oil,-0.96,2.03,213,4950,Транспортирование по трубопроводу
212230,"Copper, Nickel, Lead, and Zinc Mining ",-0.96,1.43,113,729,Добыча руд других цветных металлов
515112,Radio Stations ,-0.96,1.44,1007,6120,Беспроводная телекоммуникационная связь
446191,Food (Health) Supplement Stores ,-0.97,9.24,4180,4724,"Розничная торговля хлебобулочными, мучными и сахаристыми кондитерскими изделиями в специализированных магазинах"
453920,Art Dealers ,-0.97,1.2,272,4778,Другие виды розничной торговли новыми товарами в специализированных магазинах
812113,Nail Salons ,-0.99,1.08,2262,9602,Предоставление услуг парикмахерскими и салонами красоты
212221,Gold Ore Mining ,-1.0,1.43,195,729,Добыча руд других цветных металлов
237990,Other Heavy and Civil Engineering Construction ,-1.01,1.75,1861,4211,Строительство дорог и автомагистралей
238310,Drywall and Insulation Contractors ,-1.04,2.15,7579,4329,Прочие строительно-монтажные работы
321213,Engineered Wood Member (except Truss) Manufacturing ,-1.04,1.95,22,1621,"Производство шпона, фанеры, плит и панелей"
327320,Ready-Mix Concrete Manufacturing,-1.04,2.54,2863,2361,Производство строительных изделий из бетона
424690,Other Chemical and Allied Products Merchant Wholesalers ,-1.05,1.3,2115,4646,Оптовая торговля фармацевтическими товарами
811490,Other Personal and Household Goods Repair and Maintenance ,-1.06,1.4,750,3312,Ремонт машин и оборудования
813990,"Other Similar Organizations (except Business, Professional, Labor, and Political Organizations) ",-1.07,1.33,2496,9499,"Деятельность прочих общественных организаций, не включенных в другие группировки"
212113,Anthracite Mining ,-1.08,1.23,16,510,Добыча каменного угля
522120,Savings Institutions ,-1.09,1.78,2137,6419,Другие виды денежно-кредитного посредничества
443142,Electronics Stores ,-1.11,3.11,6453,4741,"Розничная торговля компьютерами, периферийным оборудованием и программным обеспечением в специализированных магазинах"
486210,Pipeline Transportation of Natural Gas,-1.11,2.03,523,4950,Транспортирование по трубопроводу
541690,Other Scientific and Technical Consulting Services,-1.13,2.16,5174,7490,"Прочая профессиональная, научная и техническая деятельность, не включенная в другие категории"
561990,All Other Support Services,-1.13,10.01,23724,8413,Регулирование и содействие эффективному ведению экономической деятельности
446199,All Other Health and Personal Care Stores ,-1.14,1.03,1015,4775,Розничная торговля косметическими товарами и предметами гигиены в специализированных магазинах
424490,Other Grocery and Related Products Merchant Wholesalers ,-1.14,1.53,7080,4639,"Неспециализированная оптовая торговля продуктами питания, напитками и табачными изделиями"
311119,Other Animal Food Manufacturing ,-1.14,1.07,282,1091,"Производство готовых кормов для животных, содержащихся на фермах"
441228,"Motorcycle, ATV, and All Other Motor Vehicle Dealers ",-1.14,1.49,1405,4778,Другие виды розничной торговли новыми товарами в специализированных магазинах
531130,Lessors of Miniwarehouses and Self-Storage Units ,-1.15,4.84,3228,6820,Аренда и управление собственной или арендуемой недвижимостью
711510,"Independent Artists, Writers, and Performers ",-1.16,1.75,1583,9001,Продюсерская деятельность
611110,Elementary and Secondary Schools ,-1.16,4.71,76508,8531,Основное и общее среднее образование
221310,Water Supply and Irrigation Systems ,-1.17,10.0,5183,3600,"Сбор, обработка и распределение воды"
713990,All Other Amusement and Recreation Industries ,-1.18,1.54,4765,9329,Прочие виды деятельности по организации отдыха и развлечений
213113,Support Activities for Coal Mining ,-1.19,20.38,518,990,Техническая поддержка для прочих областей горнодобывающей промышленности и подземной разработки
446120,"Cosmetics, Beauty Supplies, and Perfume Stores ",-1.2,1.03,2744,4775,Розничная торговля косметическими товарами и предметами гигиены в специализированных магазинах
211130,Natural Gas Extraction ,-1.21,1.23,344,510,Добыча каменного угля
531120,Lessors of Nonresidential Buildings (except Miniwarehouses) ,-1.22,4.84,11798,6820,Аренда и управление собственной или арендуемой недвижимостью
453110,Florists ,-1.22,1.2,848,4778,Другие виды розничной торговли новыми товарами в специализированных магазинах
812910,Pet Care (except Veterinary) Services ,-1.23,8.9,21740,9609,"Предоставление прочих услуг, не включенных в другие группировки"
448310,Jewelry Stores ,-1.23,1.3,1933,4778,Другие виды розничной торговли новыми товарами в специализированных магазинах
531190,Lessors of Other Real Estate Property ,-1.24,4.84,2165,6820,Аренда и управление собственной или арендуемой недвижимостью
221116,Geothermal Electric Power Generation ,-1.25,1.82,21,3512,Передача электроэнергии
115112,"Soil Preparation, Planting, and Cultivating ",-1.26,1.38,174,161,Вспомогательные виды деятельности в области выращивания сельскохозяйственных культур
812112,Beauty Salons ,-1.31,1.08,5955,9602,Предоставление услуг парикмахерскими и салонами красоты
453220,"Gift, Novelty, and Souvenir Stores ",-1.31,1.2,2092,4778,Другие виды розничной торговли новыми товарами в специализированных магазинах
448140,Family Clothing Stores ,-1.33,1.15,12030,4771,Розничная торговля одеждой в специализированных магазинах
454390,Other Direct Selling Establishments ,-1.34,21.66,33981,4789,Розничная торговля прочими товарами через палатки и рынки
221122,Electric Power Distribution ,-1.35,1.82,8128,3512,Передача электроэнергии
522390,Other Activities Related to Credit Intermediation ,-1.37,1.78,1921,6419,Другие виды денежно-кредитного посредничества
722310,Food Service Contractors,-1.4,2.03,17480,5629,Прочие виды организации питания
522130,Credit Unions ,-1.4,1.78,8502,6419,Другие виды денежно-кредитного посредничества
454310,Fuel Dealers ,-1.41,6.02,5062,4799,"Другие виды розничной торговли вне магазинов, торговых палаток или рынков"
442110,Furniture Stores ,-1.41,1.85,4938,4754,Розничная торговля электрическими бытовыми приборами в специализированных магазинах
453998,All Other Miscellaneous Store Retailers (except Tobacco Stores) ,-1.41,3.28,7009,4754,Розничная торговля электрическими бытовыми приборами в специализированных магазинах
448210,Shoe Stores ,-1.42,1.15,3252,4771,Розничная торговля одеждой в специализированных магазинах
236220,Commercial and Institutional Building Construction ,-1.42,1.94,17259,4120,Строительство жилых и нежилых зданий
211120,Crude Petroleum Extraction ,-1.43,1.29,864,610,Добыча сырой нефти
236118,Residential Remodelers ,-1.46,1.56,10391,4120,Строительство жилых и нежилых зданий
522298,All Other Nondepository Credit Intermediation ,-1.48,2.91,2584,6492,Прочие виды кредитования
444220,"Nursery, Garden Center, and Farm Supply Stores ",-1.5,1.2,2148,4778,Другие виды розничной торговли новыми товарами в специализированных магазинах
444190,Other Building Material Dealers ,-1.5,1.87,6909,4754,Розничная торговля электрическими бытовыми приборами в специализированных магазинах
531110,Lessors of Residential Buildings and Dwellings ,-1.51,4.84,23663,6820,Аренда и управление собственной или арендуемой недвижимостью
236115,New Single-Family Housing Construction (except For-Sale Builders) ,-1.51,1.56,4892,4120,Строительство жилых и нежилых зданий
811310,Commercial and Industrial Machinery and Equipment (except Automotive and Electronic) Repair and Maintenance ,-1.52,2.09,6120,3312,Ремонт машин и оборудования
446110,Pharmacies and Drug Stores ,-1.54,1.03,9702,4775,Розничная торговля косметическими товарами и предметами гигиены в специализированных магазинах
448120,Women's Clothing Stores ,-1.56,1.15,3515,4771,Розничная торговля одеждой в специализированных магазинах
517311,Wired Telecommunications Carriers ,-1.56,2.84,22354,6110,Проводная телекоммуникационная связь
452319,All Other General Merchandise Stores ,-1.61,2.19,14382,4719,Прочая розничная торговля в неспециализированных магазинах
522291,Consumer Lending ,-1.63,1.62,1800,6492,Прочие виды кредитования
517312,Wireless Telecommunications Carriers (except Satellite),-1.64,1.39,4585,6120,Беспроводная телекоммуникационная связь
522110,Commercial Banking ,-1.73,1.78,37741,6419,Другие виды денежно-кредитного посредничества
