fips,name,cbsa,msa_name,pay,emp,wages,cluster,cluster_size,center,center_pay,pay_vs_center,cat
17091,Kankakee,28100,"Kankakee, IL",53006,35524,1883012125,16980,28,False,84515,0.627,red
17197,Will,16980,"Chicago-Naperville-Elgin, IL-IN",57890,230864,13364708075,16980,28,False,84515,0.685,red
1113,Russell,17980,"Columbus, GA-AL",46295,11281,522276082,12060,54,False,91878,0.504,red
6001,Alameda,41860,"San Francisco-Oakland-Fremont, CA",93516,685689,64123220351,41860,16,False,174600,0.536,red
6013,Contra Costa,41860,"San Francisco-Oakland-Fremont, CA",83187,322307,26811761759,41860,16,False,174600,0.476,red
6037,Los Angeles,31080,"Los Angeles-Long Beach-Anaheim, CA",78602,3896707,306289110206,31080,6,True,78602,1.0,center
6081,San Mateo,41860,"San Francisco-Oakland-Fremont, CA",179812,390970,70300898415,41860,16,False,174600,1.03,brown
6085,Santa Clara,41940,"San Jose-Sunnyvale-Santa Clara, CA",181273,1025254,185850705400,41860,16,False,174600,1.038,brown
8013,Boulder,14500,"Boulder, CO",94441,165116,15593760510,19740,18,False,97862,0.965,brown
9009,New Haven,35300,"New Haven, CT",69673,328380,22879219070,35620,36,False,116866,0.596,red
11001,District of Columbia,47900,"Washington-Arlington-Alexandria, DC-VA-MD-WV",112038,525505,58876331251,47900,52,True,112038,1.0,center
12009,Brevard,37340,"Palm Bay-Melbourne-Titusville, FL",64994,210348,13671315238,36740,12,False,64662,1.005,brown
12055,Highlands,42700,"Sebring, FL",45394,24364,1105951386,36740,12,False,64662,0.702,red
12095,Orange,36740,"Orlando-Kissimmee-Sanford, FL",64662,857018,55416194098,36740,12,True,64662,1.0,center
12127,Volusia,19660,"Deltona-Daytona Beach-Ormond Beach, FL",51246,165126,8462096097,36740,12,False,64662,0.793,red
13121,Fulton,12060,"Atlanta-Sandy Springs-Roswell, GA",97842,835566,81753530015,12060,54,True,91878,1.065,center
13149,Heard,12060,"Atlanta-Sandy Springs-Roswell, GA",64815,1480,95936641,12060,54,False,91878,0.705,red
48035,Bosque,47380,"Waco, TX",52758,2679,141348468,19100,23,False,83628,0.631,red
29189,St. Louis,41180,"St. Louis, MO-IL",75013,547914,41100632347,41180,21,False,76954,0.975,brown
24003,Anne Arundel,12580,"Baltimore-Columbia-Towson, MD",73149,228083,16684066839,12580,9,False,79122,0.925,red
34003,Bergen,35620,"New York-Newark-Jersey City, NY-NJ",79275,392497,31115189292,35620,36,False,116866,0.678,red
34007,Camden,37980,"Philadelphia-Camden-Wilmington, PA-NJ-DE-MD",64845,176138,11421783386,37980,16,False,80203,0.809,red
34013,Essex,35620,"New York-Newark-Jersey City, NY-NJ",82829,273240,22632352264,35620,36,False,116866,0.709,red
34023,Middlesex,35620,"New York-Newark-Jersey City, NY-NJ",78511,376864,29587960898,35620,36,False,116866,0.672,red
34041,Warren,10900,"Allentown-Bethlehem-Easton, PA-NJ",61732,27899,1722259720,35620,36,False,116866,0.528,red
36047,Kings,35620,"New York-Newark-Jersey City, NY-NJ",54028,751724,40614050182,35620,36,True,116866,0.462,center
36081,Queens,35620,"New York-Newark-Jersey City, NY-NJ",61246,617681,37830696598,35620,36,True,116866,0.524,center
37007,Anson,16740,"Charlotte-Concord-Gastonia, NC-SC",42735,4938,211014812,16740,33,False,85620,0.499,red
37027,Caldwell,25860,"Hickory-Lenoir-Morganton, NC",49168,21592,1061627370,16740,33,False,85620,0.574,red
37059,Davie,49180,"Winston-Salem, NC",50140,11890,596149021,16740,33,False,85620,0.586,red
48167,Galveston,26420,"Houston-Pasadena-The Woodlands, TX",56586,89308,5053549521,26420,19,False,86124,0.657,red
48199,Hardin,13140,"Beaumont-Port Arthur, TX",51629,9627,497026942,26420,19,False,86124,0.599,red
48213,Henderson,11980,"Athens, TX",44996,15643,703875608,19100,23,False,83628,0.538,red
48245,Jefferson,13140,"Beaumont-Port Arthur, TX",67305,102401,6892112086,26420,19,False,86124,0.781,red
48361,Orange,13140,"Beaumont-Port Arthur, TX",64112,19416,1244787080,26420,19,False,86124,0.744,red
48471,Walker,26660,"Huntsville, TX",44053,12714,560107726,26420,19,False,86124,0.512,red
48477,Washington,14780,"Brenham, TX",49315,13057,643908279,26420,19,False,86124,0.573,red
42029,Chester,37980,"Philadelphia-Camden-Wilmington, PA-NJ-DE-MD",86629,228282,19775779079,37980,16,False,80203,1.08,green
42091,Montgomery,37980,"Philadelphia-Camden-Wilmington, PA-NJ-DE-MD",85767,468773,40205485938,37980,16,False,80203,1.069,green
45063,Lexington,17900,"Columbia, SC",51819,110160,5708439163,16740,33,False,85620,0.605,red
45091,York,16740,"Charlotte-Concord-Gastonia, NC-SC",58957,90741,5349835200,16740,33,False,85620,0.689,red
25001,Barnstable,12700,"Barnstable Town, MA",60205,81694,4918362189,14460,21,False,127028,0.474,red
25025,Suffolk,14460,"Boston-Cambridge-Newton, MA-NH",127028,633927,80526637973,14460,21,True,127028,1.0,center
26115,Monroe,33780,"Monroe, MI",59962,35432,2124559127,19820,14,False,74128,0.809,red
13289,Twiggs,31420,"Macon-Bibb County, GA",41733,1452,60614105,12060,54,False,91878,0.454,red
17027,Clinton,41180,"St. Louis, MO-IL",46097,9575,441397693,41180,21,False,76954,0.599,red
17031,Cook,16980,"Chicago-Naperville-Elgin, IL-IN",84515,2269519,191809141245,16980,28,True,84515,1.0,center
51053,Dinwiddie,40060,"Richmond, VA",72386,7247,524559175,47900,52,False,112038,0.646,red
51069,Frederick,49020,"Winchester, VA-WV",57958,33065,1916379100,47900,52,False,112038,0.517,red
51085,Hanover,40060,"Richmond, VA",54212,53298,2889412860,47900,52,False,112038,0.484,red
51137,Orange,29470,"Lake of the Woods, VA",47911,7416,355308107,47900,52,False,112038,0.428,red
51145,Powhatan,40060,"Richmond, VA",51471,6296,324081231,47900,52,False,112038,0.459,red
51149,Prince George,40060,"Richmond, VA",51854,8503,440937063,47900,52,False,112038,0.463,red
51177,Spotsylvania,47900,"Washington-Arlington-Alexandria, DC-VA-MD-WV",50716,30728,1558425764,47900,52,False,112038,0.453,red
53007,Chelan,48300,"Wenatchee-East Wenatchee, WA",50655,38337,1941930369,42660,13,False,124238,0.408,red
53037,Kittitas,21260,"Ellensburg, WA",44599,12219,544975907,42660,13,False,124238,0.359,red
24033,Prince George's,47900,"Washington-Arlington-Alexandria, DC-VA-MD-WV",62579,223535,13988670063,47900,52,False,112038,0.559,red
24043,Washington,25180,"Hagerstown-Martinsburg, MD-WV",53452,54247,2899619705,47900,52,False,112038,0.477,red
25017,Middlesex,14460,"Boston-Cambridge-Newton, MA-NH",109730,840394,92216369439,14460,21,False,127028,0.864,red
26099,Macomb,19820,"Detroit-Warren-Dearborn, MI",68320,305468,20869663753,19820,14,False,74128,0.922,red
26147,St. Clair,19820,"Detroit-Warren-Dearborn, MI",53170,35702,1898266717,19820,14,False,74128,0.717,red
26163,Wayne,19820,"Detroit-Warren-Dearborn, MI",74128,638129,47303347560,19820,14,True,74128,1.0,center
27053,Hennepin,33460,"Minneapolis-St. Paul-Bloomington, MN-WI",88260,825553,72863226819,33460,27,True,88260,1.0,center
27139,Scott,33460,"Minneapolis-St. Paul-Bloomington, MN-WI",58869,51218,3015166222,33460,27,False,88260,0.667,red
27163,Washington,33460,"Minneapolis-St. Paul-Bloomington, MN-WI",58204,83072,4835127326,33460,27,False,88260,0.659,red
17129,Menard,44100,"Springfield, IL",41929,1139,47743254,41180,21,False,76954,0.545,red
13077,Coweta,12060,"Atlanta-Sandy Springs-Roswell, GA",50493,42883,2165275659,12060,54,False,91878,0.55,red
13139,Hall,23580,"Gainesville, GA",62303,89265,5561460188,12060,54,False,91878,0.678,red
13143,Haralson,12060,"Atlanta-Sandy Springs-Roswell, GA",51274,5934,304238419,12060,54,False,91878,0.558,red
13157,Jackson,27600,"Jefferson, GA",47972,43822,2102255342,12060,54,False,91878,0.522,red
13171,Lamar,12060,"Atlanta-Sandy Springs-Roswell, GA",49870,3395,169326733,12060,54,False,91878,0.543,red
13195,Madison,12020,"Athens-Clarke County, GA",44373,2663,118172657,12060,54,False,91878,0.483,red
13217,Newton,12060,"Atlanta-Sandy Springs-Roswell, GA",51775,20885,1081336125,12060,54,False,91878,0.564,red
23023,Sagadahoc,38860,"Portland-South Portland, ME",59749,14656,875649497,14460,21,False,127028,0.47,red
23031,York,38860,"Portland-South Portland, ME",55506,61659,3422448039,14460,21,False,127028,0.437,red
24005,Baltimore,12580,"Baltimore-Columbia-Towson, MD",66422,313638,20832512886,12580,9,False,79122,0.839,red
24017,Charles,47900,"Washington-Arlington-Alexandria, DC-VA-MD-WV",50438,29859,1505998245,47900,52,False,112038,0.45,red
24021,Frederick,47900,"Washington-Arlington-Alexandria, DC-VA-MD-WV",64243,88630,5693878886,47900,52,False,112038,0.573,red
24031,Montgomery,47900,"Washington-Arlington-Alexandria, DC-VA-MD-WV",87759,364740,32009087026,47900,52,False,112038,0.783,red
29113,Lincoln,41180,"St. Louis, MO-IL",51438,10062,517551582,41180,21,False,76954,0.668,red
29183,St. Charles,41180,"St. Louis, MO-IL",58470,143570,8394522663,41180,21,False,76954,0.76,red
33015,Rockingham,14460,"Boston-Cambridge-Newton, MA-NH",71716,140669,10088203130,14460,21,False,127028,0.565,red
33017,Strafford,14460,"Boston-Cambridge-Newton, MA-NH",65332,38328,2504071517,14460,21,False,127028,0.514,red
34001,Atlantic,12100,"Atlantic City-Hammonton, NJ",54200,105030,5692663077,37980,16,False,80203,0.676,red
34005,Burlington,37980,"Philadelphia-Camden-Wilmington, PA-NJ-DE-MD",68992,183809,12681241373,37980,16,False,80203,0.86,red
34015,Gloucester,37980,"Philadelphia-Camden-Wilmington, PA-NJ-DE-MD",54470,103725,5649915013,37980,16,False,80203,0.679,red
34019,Hunterdon,35620,"New York-Newark-Jersey City, NY-NJ",72843,39616,2885773955,35620,36,False,116866,0.623,red
34021,Mercer,45940,"Trenton-Princeton, NJ",92805,187294,17381820304,35620,36,False,116866,0.794,red
34025,Monmouth,35620,"New York-Newark-Jersey City, NY-NJ",67516,239227,16151582447,35620,36,False,116866,0.578,red
34029,Ocean,35620,"New York-Newark-Jersey City, NY-NJ",53210,159471,8485467640,35620,36,False,116866,0.455,red
34035,Somerset,35620,"New York-Newark-Jersey City, NY-NJ",104450,175080,18287083738,35620,36,False,116866,0.894,red
6059,Orange,31080,"Los Angeles-Long Beach-Anaheim, CA",77059,1493591,115094380179,31080,6,False,78602,0.98,brown
6069,San Benito,41940,"San Jose-Sunnyvale-Santa Clara, CA",53123,14442,767213875,41860,16,False,174600,0.304,red
6073,San Diego,41740,"San Diego-Chula Vista-Carlsbad, CA",78230,1288281,100782534632,41740,2,True,78230,1.0,center
6097,Sonoma,42220,"Santa Rosa-Petaluma, CA",69003,180721,12470271838,41860,16,False,174600,0.395,red
6113,Yolo,40900,"Sacramento-Roseville-Folsom, CA",62997,74000,4661818420,41860,16,False,174600,0.361,red
8019,Clear Creek,19740,"Denver-Aurora-Centennial, CO",66805,2769,185005202,19740,18,False,97862,0.683,red
8031,Denver,19740,"Denver-Aurora-Centennial, CO",97862,495812,48521100633,19740,18,True,97862,1.0,center
4009,Graham,40940,"Safford, AZ",53468,7480,399932466,38060,7,False,70067,0.763,red
4013,Maricopa,38060,"Phoenix-Mesa-Chandler, AZ",70067,2020817,141591884260,38060,7,True,70067,1.0,center
12086,Miami-Dade,33100,"Miami-Fort Lauderdale-West Palm Beach, FL",73564,1098806,80832168294,33100,10,True,73564,1.0,center
12093,Okeechobee,36380,"Okeechobee, FL",44445,10120,449790843,33100,10,False,73564,0.604,red
12097,Osceola,36740,"Orlando-Kissimmee-Sanford, FL",49128,97209,4775659407,36740,12,False,64662,0.76,red
13021,Bibb,31420,"Macon-Bibb County, GA",53248,70466,3752150598,12060,54,False,91878,0.58,red
27013,Blue Earth,31860,"Mankato, MN",53567,35417,1897175785,33460,27,False,88260,0.607,red
27171,Wright,33460,"Minneapolis-St. Paul-Bloomington, MN-WI",53352,40759,2174552857,33460,27,False,88260,0.604,red
36103,Suffolk,35620,"New York-Newark-Jersey City, NY-NJ",71193,559257,39815027475,35620,36,False,116866,0.609,red
36119,Westchester,35620,"New York-Newark-Jersey City, NY-NJ",90023,362328,32617735534,35620,36,False,116866,0.77,red
37023,Burke,25860,"Hickory-Lenoir-Morganton, NC",45026,23068,1038678997,16740,33,False,85620,0.526,red
37057,Davidson,49180,"Winston-Salem, NC",51994,40299,2095300417,16740,33,False,85620,0.607,red
42103,Pike,25770,"Hemlock Farms, PA",38084,9747,371214542,35620,36,False,116866,0.326,red
42133,York,49620,"York-Hanover, PA",58687,163174,9576127344,12580,9,False,79122,0.742,red
48455,Trinity,26660,"Huntsville, TX",39857,1561,62216665,26420,19,False,86124,0.463,red
48473,Waller,26420,"Houston-Pasadena-The Woodlands, TX",59622,20771,1238414889,26420,19,False,86124,0.692,red
51007,Amelia,40060,"Richmond, VA",45801,2051,93930391,47900,52,False,112038,0.409,red
51033,Caroline,40060,"Richmond, VA",45369,4404,199803940,47900,52,False,112038,0.405,red
51036,Charles City,40060,"Richmond, VA",58183,1344,78168785,47900,52,False,112038,0.519,red
51041,Chesterfield,40060,"Richmond, VA",59921,120509,7220966093,47900,52,False,112038,0.535,red
51107,Loudoun,47900,"Washington-Arlington-Alexandria, DC-VA-MD-WV",80559,158590,12775869321,47900,52,False,112038,0.719,red
51127,New Kent,40060,"Richmond, VA",46687,4571,213400954,47900,52,False,112038,0.417,red
51179,Stafford,47900,"Washington-Arlington-Alexandria, DC-VA-MD-WV",57335,34079,1953879454,47900,52,False,112038,0.512,red
51187,Warren,47900,"Washington-Arlington-Alexandria, DC-VA-MD-WV",48419,11699,566470905,47900,52,False,112038,0.432,red
53053,Pierce,42660,"Seattle-Tacoma-Bellevue, WA",63539,272091,17288488376,42660,13,False,124238,0.511,red
53061,Snohomish,42660,"Seattle-Tacoma-Bellevue, WA",78399,252568,19801137277,42660,13,False,124238,0.631,red
54027,Hampshire,49020,"Winchester, VA-WV",40235,2906,116913727,47900,52,False,112038,0.359,red
54037,Jefferson,47900,"Washington-Arlington-Alexandria, DC-VA-MD-WV",52057,11982,623734808,47900,52,False,112038,0.465,red
54065,Morgan,25180,"Hagerstown-Martinsburg, MD-WV",44012,2237,98432400,47900,52,False,112038,0.393,red
37153,Richmond,40460,"Rockingham, NC",43252,11576,500662491,16740,33,False,85620,0.505,red
8065,Lake,14720,"Breckenridge, CO",52272,1952,102035740,19740,18,False,97862,0.534,red
8093,Park,19740,"Denver-Aurora-Centennial, CO",50167,2182,109465313,19740,18,False,97862,0.513,red
9001,Fairfield,14860,"Bridgeport-Stamford-Danbury, CT",110880,373022,41360661380,35620,36,False,116866,0.949,red
9007,Middlesex,25540,"Hartford-West Hartford-East Hartford, CT",67398,60052,4047378051,35620,36,False,116866,0.577,red
9011,New London,35980,"Norwich-New London-Willimantic, CT",70946,92784,6582687226,35620,36,False,116866,0.607,red
12053,Hernando,45300,"Tampa-St. Petersburg-Clearwater, FL",46161,43741,2019143641,45300,7,False,71571,0.645,red
42045,Delaware,37980,"Philadelphia-Camden-Wilmington, PA-NJ-DE-MD",71451,195802,13990225479,37980,16,False,80203,0.891,red
42071,Lancaster,29540,"Lancaster, PA",57513,231089,13290694421,37980,16,False,80203,0.717,red
42089,Monroe,20700,"East Stroudsburg, PA",49028,46310,2270518879,35620,36,False,116866,0.42,red
42095,Northampton,10900,"Allentown-Bethlehem-Easton, PA-NJ",57114,107204,6122846431,35620,36,False,116866,0.489,red
51087,Henrico,40060,"Richmond, VA",68646,166762,11447505963,47900,52,False,112038,0.613,red
53077,Yakima,49420,"Yakima, WA",47130,97671,4603229426,42660,13,False,124238,0.379,red
4007,Gila,37740,"Payson, AZ",52061,9679,503905983,38060,7,False,70067,0.743,red
8043,Fremont,15860,"Ca▒on City, CO",44791,8949,400833695,19740,18,False,97862,0.458,red
12069,Lake,36740,"Orlando-Kissimmee-Sanford, FL",50031,102458,5126084117,36740,12,False,64662,0.774,red
13219,Oconee,12020,"Athens-Clarke County, GA",48428,13022,630625721,12060,54,False,91878,0.527,red
45055,Kershaw,17900,"Columbia, SC",45970,15194,698490970,16740,33,False,85620,0.537,red
45083,Spartanburg,43900,"Spartanburg, SC",55448,127736,7082674977,16740,33,False,85620,0.648,red
6095,Solano,46700,"Vallejo, CA",66128,116650,7713879095,41860,16,False,174600,0.379,red
8035,Douglas,19740,"Denver-Aurora-Centennial, CO",83039,128126,10639410536,19740,18,False,97862,0.849,red
10003,New Castle,37980,"Philadelphia-Camden-Wilmington, PA-NJ-DE-MD",77977,263867,20575448277,37980,16,False,80203,0.972,brown
13079,Crawford,31420,"Macon-Bibb County, GA",40445,773,31267518,12060,54,False,91878,0.44,red
13135,Gwinnett,12060,"Atlanta-Sandy Springs-Roswell, GA",65163,340022,22156916652,12060,54,False,91878,0.709,red
48339,Montgomery,26420,"Houston-Pasadena-The Woodlands, TX",71975,190143,13685610823,26420,19,False,86124,0.836,red
48349,Navarro,18620,"Corsicana, TX",48732,13508,658250720,19100,23,False,83628,0.583,red
48407,San Jacinto,26420,"Houston-Pasadena-The Woodlands, TX",41742,1499,62570799,26420,19,False,86124,0.485,red
42101,Philadelphia,37980,"Philadelphia-Camden-Wilmington, PA-NJ-DE-MD",80203,599578,48087925999,37980,16,True,80203,1.0,center
45057,Lancaster,16740,"Charlotte-Concord-Gastonia, NC-SC",62423,22629,1412548426,16740,33,False,85620,0.729,red
45087,Union,43900,"Spartanburg, SC",44504,5522,245730738,16740,33,False,85620,0.52,red
48351,Newton,13140,"Beaumont-Port Arthur, TX",47759,653,31206564,26420,19,False,86124,0.555,red
53045,Mason,43220,"Shelton, WA",45116,8994,405792771,42660,13,False,124238,0.363,red
36059,Nassau,35620,"New York-Newark-Jersey City, NY-NJ",72743,547964,39860735651,35620,36,False,116866,0.622,red
48157,Fort Bend,26420,"Houston-Pasadena-The Woodlands, TX",60035,199316,11965966030,26420,19,False,86124,0.697,red
12057,Hillsborough,45300,"Tampa-St. Petersburg-Clearwater, FL",71571,702712,50294163466,45300,7,True,71571,1.0,center
18007,Benton,29200,"Lafayette-West Lafayette, IN",52617,1642,86387851,16980,28,False,84515,0.623,red
25005,Bristol,39300,"Providence-Warwick, RI-MA",60818,199048,12105645778,14460,21,False,127028,0.479,red
27021,Cass,14660,"Brainerd, MN",36768,6888,253265232,33460,27,False,88260,0.417,red
34027,Morris,35620,"New York-Newark-Jersey City, NY-NJ",101156,268704,27181019249,35620,36,False,116866,0.866,red
37193,Wilkes,35900,"North Wilkesboro, NC",45401,15755,715300351,16740,33,False,85620,0.53,red
34031,Passaic,35620,"New York-Newark-Jersey City, NY-NJ",59806,146196,8743432175,35620,36,False,116866,0.512,red
36061,New York,35620,"New York-Newark-Jersey City, NY-NJ",162917,2202023,358747155591,35620,36,True,116866,1.394,center
36071,Orange,28880,"Kiryas Joel-Poughkeepsie-Newburgh, NY",56442,128006,7224934814,35620,36,False,116866,0.483,red
37159,Rowan,16740,"Charlotte-Concord-Gastonia, NC-SC",53416,42562,2273524457,16740,33,False,85620,0.624,red
44009,Washington,39300,"Providence-Warwick, RI-MA",58368,49172,2870050854,14460,21,False,127028,0.459,red
45017,Calhoun,17900,"Columbia, SC",61986,3876,240273235,16740,33,False,85620,0.724,red
6099,Stanislaus,33700,"Modesto, CA",59037,166416,9824729733,41860,16,False,174600,0.338,red
12105,Polk,29460,"Lakeland-Winter Haven, FL",53257,230379,12269203302,36740,12,False,64662,0.824,red
53033,King,42660,"Seattle-Tacoma-Bellevue, WA",124238,1282761,159367452274,42660,13,True,124238,1.0,center
53057,Skagit,34580,"Mount Vernon-Anacortes, WA",57748,40441,2335406728,42660,13,False,124238,0.465,red
27103,Nicollet,31860,"Mankato, MN",50697,11926,604617613,33460,27,False,88260,0.574,red
51157,Rappahannock,47900,"Washington-Arlington-Alexandria, DC-VA-MD-WV",46747,1208,56489791,47900,52,False,112038,0.417,red
8005,Arapahoe,19740,"Denver-Aurora-Centennial, CO",85510,302818,25893840731,19740,18,False,97862,0.874,red
45021,Cherokee,23500,"Gaffney, SC",44371,16700,741000590,16740,33,False,85620,0.518,red
34009,Cape May,12100,"Atlantic City-Hammonton, NJ",44209,34725,1535183337,37980,16,False,80203,0.551,red
48015,Austin,26420,"Houston-Pasadena-The Woodlands, TX",66802,11294,754473391,26420,19,False,86124,0.776,red
51059,Fairfax,47900,"Washington-Arlington-Alexandria, DC-VA-MD-WV",109965,544515,59877509417,47900,52,False,112038,0.982,brown
53067,Thurston,36500,"Olympia-Lacey-Tumwater, WA",62086,84684,5257665888,42660,13,False,124238,0.5,red
42055,Franklin,16540,"Chambersburg, PA",51554,51659,2663244977,47900,52,False,112038,0.46,red
44007,Providence,39300,"Providence-Warwick, RI-MA",65061,249035,16202473952,14460,21,False,127028,0.512,red
13215,Muscogee,17980,"Columbus, GA-AL",52694,73771,3887298940,12060,54,False,91878,0.574,red
24015,Cecil,37980,"Philadelphia-Camden-Wilmington, PA-NJ-DE-MD",54770,28742,1574177804,37980,16,False,80203,0.683,red
17007,Boone,40420,"Rockford, IL",59380,10048,596629931,16980,28,False,84515,0.703,red
8117,Summit,14720,"Breckenridge, CO",53865,20002,1077424927,19740,18,False,97862,0.55,red
27145,Stearns,41060,"St. Cloud, MN",58667,74929,4395896092,33460,27,False,88260,0.665,red
34033,Salem,37980,"Philadelphia-Camden-Wilmington, PA-NJ-DE-MD",66277,18391,1218883214,37980,16,False,80203,0.826,red
6041,Marin,41860,"San Francisco-Oakland-Fremont, CA",90769,95864,8701515423,41860,16,False,174600,0.52,red
6077,San Joaquin,44700,"Stockton-Lodi, CA",56993,240253,13692735021,41860,16,False,174600,0.326,red
8001,Adams,19740,"Denver-Aurora-Centennial, CO",66740,195602,13054557336,19740,18,False,97862,0.682,red
51101,King William,40060,"Richmond, VA",57336,3154,180814237,47900,52,False,112038,0.512,red
54003,Berkeley,25180,"Hagerstown-Martinsburg, MD-WV",49931,28685,1432257310,47900,52,False,112038,0.446,red
42017,Bucks,37980,"Philadelphia-Camden-Wilmington, PA-NJ-DE-MD",62209,246153,15313028625,37980,16,False,80203,0.776,red
4021,Pinal,38060,"Phoenix-Mesa-Chandler, AZ",53322,53710,2863890142,38060,7,False,70067,0.761,red
13113,Fayette,12060,"Atlanta-Sandy Springs-Roswell, GA",55578,43824,2435619775,12060,54,False,91878,0.605,red
13151,Henry,12060,"Atlanta-Sandy Springs-Roswell, GA",46915,64837,3041808675,12060,54,False,91878,0.511,red
24027,Howard,12580,"Baltimore-Columbia-Towson, MD",85425,151376,12931355048,12580,9,False,79122,1.08,green
12115,Sarasota,35840,"North Port-Bradenton-Sarasota, FL",61481,172135,10583029440,45300,7,False,71571,0.859,red
8039,Elbert,19740,"Denver-Aurora-Centennial, CO",61614,3636,224030297,19740,18,False,97862,0.63,red
8059,Jefferson,19740,"Denver-Aurora-Centennial, CO",76726,212217,16282638829,19740,18,False,97862,0.784,red
1017,Chambers,29300,"LaGrange, GA-AL",48957,7011,343218923,12060,54,False,91878,0.533,red
13063,Clayton,12060,"Atlanta-Sandy Springs-Roswell, GA",74362,116607,8671091610,12060,54,False,91878,0.809,red
13159,Jasper,12060,"Atlanta-Sandy Springs-Roswell, GA",40184,1760,70714535,12060,54,False,91878,0.437,red
6075,San Francisco,41860,"San Francisco-Oakland-Fremont, CA",174600,617513,107817449398,41860,16,True,174600,1.0,center
12035,Flagler,19660,"Deltona-Daytona Beach-Ormond Beach, FL",47064,23421,1102290432,36740,12,False,64662,0.728,red
12087,Monroe,28580,"Key West-Key Largo, FL",54293,39686,2154689433,33100,10,False,73564,0.738,red
12111,St. Lucie,38940,"Port St. Lucie, FL",49611,75154,3728515255,33100,10,False,73564,0.674,red
6025,Imperial,20940,"El Centro, CA",44302,45830,2030359157,41740,2,False,78230,0.566,red
6061,Placer,40900,"Sacramento-Roseville-Folsom, CA",70161,163663,11482688775,41860,16,False,174600,0.402,red
13117,Forsyth,12060,"Atlanta-Sandy Springs-Roswell, GA",62723,75958,4764302144,12060,54,False,91878,0.683,red
13169,Jones,31420,"Macon-Bibb County, GA",44210,2878,127249873,12060,54,False,91878,0.481,red
13197,Marion,17980,"Columbus, GA-AL",38671,911,35219631,12060,54,False,91878,0.421,red
13059,Clarke,12020,"Athens-Clarke County, GA",52705,52629,2773815274,12060,54,False,91878,0.574,red
13145,Harris,17980,"Columbus, GA-AL",45856,4951,227043677,12060,54,False,91878,0.499,red
13053,Chattahoochee,17980,"Columbus, GA-AL",51990,2108,109572772,12060,54,False,91878,0.566,red
17097,Lake,16980,"Chicago-Naperville-Elgin, IL-IN",93318,289339,27000453852,16980,28,False,84515,1.104,green
17063,Grundy,16980,"Chicago-Naperville-Elgin, IL-IN",70890,18422,1305927314,16980,28,False,84515,0.839,red
17121,Marion,16460,"Centralia, IL",46938,10564,495837909,41180,21,False,76954,0.61,red
13233,Polk,16340,"Cedartown, GA",46241,9413,435264366,12060,54,False,91878,0.503,red
18091,LaPorte,33140,"Michigan City-La Porte, IN",51426,34874,1793432851,16980,28,False,84515,0.608,red
18181,White,33900,"Monticello, IN",51354,7868,404053754,16980,28,False,84515,0.608,red
17005,Bond,41180,"St. Louis, MO-IL",45943,3519,161689131,41180,21,False,76954,0.597,red
18157,Tippecanoe,29200,"Lafayette-West Lafayette, IN",54695,74485,4073975524,16980,28,False,84515,0.647,red
18111,Newton,16980,"Chicago-Naperville-Elgin, IL-IN",48331,2561,123795298,16980,28,False,84515,0.572,red
48309,McLennan,47380,"Waco, TX",57349,102918,5902291322,19100,23,False,83628,0.686,red
18171,Warren,29200,"Lafayette-West Lafayette, IN",53360,1497,79885025,16980,28,False,84515,0.631,red
24025,Harford,12580,"Baltimore-Columbia-Towson, MD",58043,73473,4264626151,12580,9,False,79122,0.734,red
24035,Queen Anne's,12580,"Baltimore-Columbia-Towson, MD",53044,12926,685624786,12580,9,False,79122,0.67,red
25009,Essex,14460,"Boston-Cambridge-Newton, MA-NH",73963,280970,20781405725,14460,21,False,127028,0.582,red
25021,Norfolk,14460,"Boston-Cambridge-Newton, MA-NH",81912,309515,25352991279,14460,21,False,127028,0.645,red
51153,Prince William,47900,"Washington-Arlington-Alexandria, DC-VA-MD-WV",57558,110273,6347100897,47900,52,False,112038,0.514,red
51075,Goochland,40060,"Richmond, VA",119995,17617,2113905486,47900,52,False,112038,1.071,green
48145,Falls,47380,"Waco, TX",51092,2008,102579501,19100,23,False,83628,0.611,red
17043,DuPage,16980,"Chicago-Naperville-Elgin, IL-IN",78377,572803,44894764692,16980,28,False,84515,0.927,red
45081,Saluda,17900,"Columbia, SC",45019,3826,172246697,16740,33,False,85620,0.526,red
26037,Clinton,29620,"Lansing-East Lansing, MI",51132,16599,848717991,19820,14,False,74128,0.69,red
12119,Sumter,48680,"Wildwood-The Villages, FL",54989,33570,1846001645,36740,12,False,64662,0.85,red
27095,Mille Lacs,33460,"Minneapolis-St. Paul-Bloomington, MN-WI",43564,6143,267608590,33460,27,False,88260,0.494,red
17137,Morgan,27300,"Jacksonville, IL",49871,11410,569017738,41180,21,False,76954,0.648,red
44001,Bristol,39300,"Providence-Warwick, RI-MA",55507,12814,711287438,14460,21,False,127028,0.437,red
51043,Clarke,47900,"Washington-Arlington-Alexandria, DC-VA-MD-WV",54411,3149,171349229,47900,52,False,112038,0.486,red
48251,Johnson,19100,"Dallas-Fort Worth-Arlington, TX",55027,47169,2595593481,19100,23,False,83628,0.658,red
48231,Hunt,19100,"Dallas-Fort Worth-Arlington, TX",59137,23019,1361239596,19100,23,False,83628,0.707,red
51630,Fredericksburg,47900,"Washington-Arlington-Alexandria, DC-VA-MD-WV",58149,20575,1196389518,47900,52,False,112038,0.519,red
26065,Ingham,29620,"Lansing-East Lansing, MI",61970,109258,6770740077,19820,14,False,74128,0.836,red
48497,Wise,19100,"Dallas-Fort Worth-Arlington, TX",60269,17847,1075599520,19100,23,False,83628,0.721,red
13223,Paulding,12060,"Atlanta-Sandy Springs-Roswell, GA",44749,23217,1038932824,12060,54,False,91878,0.487,red
55127,Walworth,48580,"Whitewater-Elkhorn, WI",48697,37214,1812200615,16980,28,False,84515,0.576,red
42011,Berks,39740,"Reading, PA",61097,152923,9343128330,37980,16,False,80203,0.762,red
51685,Manassas Park,47900,"Washington-Arlington-Alexandria, DC-VA-MD-WV",55516,3432,190518528,47900,52,False,112038,0.496,red
51570,Colonial Heights,40060,"Richmond, VA",39410,8467,333678313,47900,52,False,112038,0.352,red
51610,Falls Church,47900,"Washington-Arlington-Alexandria, DC-VA-MD-WV",68271,9353,638525365,47900,52,False,112038,0.609,red
36079,Putnam,35620,"New York-Newark-Jersey City, NY-NJ",62133,22431,1393678709,35620,36,False,116866,0.532,red
6111,Ventura,37100,"Oxnard-Thousand Oaks-Ventura, CA",64919,284393,18462434927,31080,6,False,78602,0.826,red
29510,St. Louis,41180,"St. Louis, MO-IL",76954,198247,15255859187,41180,21,True,76954,1.0,center
34037,Sussex,35620,"New York-Newark-Jersey City, NY-NJ",56130,31300,1756866916,35620,36,False,116866,0.48,red
24009,Calvert,30500,"Lexington Park, MD",60635,17232,1044888100,47900,52,False,112038,0.541,red
26075,Jackson,27100,"Jackson, MI",59533,48980,2915929882,19820,14,False,74128,0.803,red
55059,Kenosha,28450,"Kenosha, WI",55935,64308,3597045350,16980,28,False,84515,0.662,red
26155,Shiawassee,37020,"Owosso, MI",50853,12320,626502537,19820,14,False,74128,0.686,red
53029,Island,36020,"Oak Harbor, WA",50212,13482,676967557,42660,13,False,124238,0.404,red
53035,Kitsap,14740,"Bremerton-Silverdale-Port Orchard, WA",57149,59179,3382033813,42660,13,False,124238,0.46,red
53041,Lewis,16500,"Centralia, WA",53409,22427,1197774219,42660,13,False,124238,0.43,red
33013,Merrimack,18180,"Concord, NH",66139,60980,4033176618,14460,21,False,127028,0.521,red
27141,Sherburne,33460,"Minneapolis-St. Paul-Bloomington, MN-WI",54672,23082,1261947149,33460,27,False,88260,0.619,red
12099,Palm Beach,33100,"Miami-Fort Lauderdale-West Palm Beach, FL",74582,597503,44563161451,33100,10,False,73564,1.014,brown
27131,Rice,22060,"Faribault-Northfield, MN",55398,22022,1219996248,33460,27,False,88260,0.628,red
13207,Monroe,31420,"Macon-Bibb County, GA",51850,5043,261454831,12060,54,False,91878,0.564,red
13057,Cherokee,12060,"Atlanta-Sandy Springs-Roswell, GA",51784,62435,3233135033,12060,54,False,91878,0.564,red
13085,Dawson,12060,"Atlanta-Sandy Springs-Roswell, GA",39252,8922,350221679,12060,54,False,91878,0.427,red
26125,Oakland,19820,"Detroit-Warren-Dearborn, MI",76176,680690,51852057822,19820,14,False,74128,1.028,brown
24510,Baltimore,12580,"Baltimore-Columbia-Towson, MD",79122,269861,21351927607,12580,9,True,79122,1.0,center
13015,Bartow,12060,"Atlanta-Sandy Springs-Roswell, GA",54961,39550,2173731934,12060,54,False,91878,0.598,red
8014,Broomfield,19740,"Denver-Aurora-Centennial, CO",111479,41492,4625432753,19740,18,False,97862,1.139,green
33001,Belknap,29060,"Laconia, NH",54547,21685,1182862875,14460,21,False,127028,0.429,red
26045,Eaton,29620,"Lansing-East Lansing, MI",58224,37249,2168777701,19820,14,False,74128,0.785,red
8041,El Paso,17820,"Colorado Springs, CO",63839,252247,16103148845,19740,18,False,97862,0.652,red
18073,Jasper,16980,"Chicago-Naperville-Elgin, IL-IN",49367,10031,495196059,16980,28,False,84515,0.584,red
48139,Ellis,19100,"Dallas-Fort Worth-Arlington, TX",55531,51694,2870626689,19100,23,False,83628,0.664,red
48481,Wharton,20900,"El Campo, TX",50093,13580,680268504,26420,19,False,86124,0.582,red
8047,Gilpin,19740,"Denver-Aurora-Centennial, CO",64617,3948,255113960,19740,18,False,97862,0.66,red
44003,Kent,39300,"Providence-Warwick, RI-MA",59545,68476,4077378483,14460,21,False,127028,0.469,red
13187,Lumpkin,12060,"Atlanta-Sandy Springs-Roswell, GA",42919,5905,253440780,12060,54,False,91878,0.467,red
8119,Teller,17820,"Colorado Springs, CO",52189,6937,362048808,19740,18,False,97862,0.533,red
9003,Hartford,25540,"Hartford-West Hartford-East Hartford, CT",80849,432058,34931278921,35620,36,False,116866,0.692,red
27123,Ramsey,33460,"Minneapolis-St. Paul-Bloomington, MN-WI",73520,272545,20037429263,33460,27,False,88260,0.833,red
48367,Parker,19100,"Dallas-Fort Worth-Arlington, TX",55456,33757,1872057461,19100,23,False,83628,0.663,red
48221,Hood,24180,"Granbury, TX",49538,15557,770638583,19100,23,False,83628,0.592,red
13089,DeKalb,12060,"Atlanta-Sandy Springs-Roswell, GA",73312,268412,19677803132,12060,54,True,91878,0.798,center
12061,Indian River,42680,"Sebastian-Vero Beach-West Vero Corridor, FL",55448,51868,2875969600,36740,12,False,64662,0.858,red
13285,Troup,29300,"LaGrange, GA-AL",55009,36454,2005299227,12060,54,False,91878,0.599,red
17089,Kane,16980,"Chicago-Naperville-Elgin, IL-IN",59393,182988,10868133055,16980,28,False,84515,0.703,red
45039,Fairfield,17900,"Columbia, SC",63726,4668,297482488,16740,33,False,85620,0.744,red
13115,Floyd,40660,"Rome, GA",50103,37302,1868960915,12060,54,False,91878,0.545,red
13255,Spalding,12060,"Atlanta-Sandy Springs-Roswell, GA",47593,18376,874574574,12060,54,False,91878,0.518,red
13259,Stewart,17980,"Columbus, GA-AL",51544,1332,68674403,12060,54,False,91878,0.561,red
13067,Cobb,12060,"Atlanta-Sandy Springs-Roswell, GA",75398,350532,26429339619,12060,54,False,91878,0.821,red
37097,Iredell,16740,"Charlotte-Concord-Gastonia, NC-SC",63255,73574,4653933932,16740,33,False,85620,0.739,red
37169,Stokes,49180,"Winston-Salem, NC",36597,5722,209422122,16740,33,False,85620,0.427,red
51510,Alexandria,47900,"Washington-Arlington-Alexandria, DC-VA-MD-WV",83856,64068,5372485389,47900,52,False,112038,0.748,red
51013,Arlington,47900,"Washington-Arlington-Alexandria, DC-VA-MD-WV",117604,140969,16578472907,47900,52,False,112038,1.05,brown
18015,Carroll,29200,"Lafayette-West Lafayette, IN",49102,4779,234650179,16980,28,False,84515,0.581,red
17167,Sangamon,44100,"Springfield, IL",58608,77039,4515114526,41180,21,False,76954,0.762,red
26093,Livingston,19820,"Detroit-Warren-Dearborn, MI",54666,57322,3133514513,19820,14,False,74128,0.737,red
12021,Collier,34940,"Naples-Marco Island, FL",64710,152440,9864414364,33100,10,False,73564,0.88,red
12051,Hendry,17500,"Clewiston, FL",51993,10255,533167150,33100,10,False,73564,0.707,red
48097,Cooke,23620,"Gainesville, TX",60770,12746,774560602,19100,23,False,83628,0.727,red
48113,Dallas,19100,"Dallas-Fort Worth-Arlington, TX",87273,1656248,144545200632,19100,23,True,83628,1.044,center
17141,Ogle,40300,"Rochelle, IL",59168,12226,723397110,16980,28,False,84515,0.7,red
55005,Barron,39960,"Rice Lake, WI",47010,18063,849155358,33460,27,False,88260,0.533,red
51600,Fairfax,47900,"Washington-Arlington-Alexandria, DC-VA-MD-WV",67774,18990,1287048052,47900,52,False,112038,0.605,red
13035,Butts,12060,"Atlanta-Sandy Springs-Roswell, GA",45918,6882,316015134,12060,54,False,91878,0.5,red
27019,Carver,33460,"Minneapolis-St. Paul-Bloomington, MN-WI",67593,36456,2464209186,33460,27,False,88260,0.766,red
42001,Adams,23900,"Gettysburg, PA",50945,29640,1509998203,47900,52,False,112038,0.455,red
26087,Lapeer,19820,"Detroit-Warren-Dearborn, MI",48199,18108,872758506,19820,14,False,74128,0.65,red
13293,Upson,45580,"Thomaston, GA",46194,5649,260938541,12060,54,False,91878,0.503,red
17133,Monroe,41180,"St. Louis, MO-IL",44779,7262,325181958,41180,21,False,76954,0.582,red
45023,Chester,16740,"Charlotte-Concord-Gastonia, NC-SC",56913,8310,472920238,16740,33,False,85620,0.665,red
17103,Lee,19940,"Dixon, IL",53893,9973,537471624,16980,28,False,84515,0.638,red
17105,Livingston,38700,"Pontiac, IL",54172,10823,586307518,16980,28,False,84515,0.641,red
37179,Union,16740,"Charlotte-Concord-Gastonia, NC-SC",58800,62909,3699056126,16740,33,False,85620,0.687,red
48397,Rockwall,19100,"Dallas-Fort Worth-Arlington, TX",54723,35431,1938849955,19100,23,True,83628,0.654,center
37025,Cabarrus,16740,"Charlotte-Concord-Gastonia, NC-SC",49503,69915,3461020834,16740,33,False,85620,0.578,red
37035,Catawba,25860,"Hickory-Lenoir-Morganton, NC",54083,80687,4363775329,16740,33,False,85620,0.632,red
13211,Morgan,12060,"Atlanta-Sandy Springs-Roswell, GA",51244,7396,378975640,12060,54,False,91878,0.558,red
17083,Jersey,41180,"St. Louis, MO-IL",41566,4080,169576785,41180,21,False,76954,0.54,red
17111,McHenry,16980,"Chicago-Naperville-Elgin, IL-IN",53271,82414,4390326817,16980,28,False,84515,0.63,red
36085,Richmond,35620,"New York-Newark-Jersey City, NY-NJ",59693,110016,6567164481,35620,36,True,116866,0.511,center
18089,Lake,16980,"Chicago-Naperville-Elgin, IL-IN",59937,167551,10042465591,16980,28,False,84515,0.709,red
48257,Kaufman,19100,"Dallas-Fort Worth-Arlington, TX",53409,32255,1722666916,19100,23,True,83628,0.639,center
36027,Dutchess,28880,"Kiryas Joel-Poughkeepsie-Newburgh, NY",64093,91135,5841099187,35620,36,False,116866,0.548,red
37109,Lincoln,16740,"Charlotte-Concord-Gastonia, NC-SC",52342,23334,1221358505,16740,33,False,85620,0.611,red
37197,Yadkin,49180,"Winston-Salem, NC",44175,8504,375670635,16740,33,False,85620,0.516,red
51683,Manassas,47900,"Washington-Arlington-Alexandria, DC-VA-MD-WV",80074,20328,1627717218,47900,52,False,112038,0.715,red
13045,Carroll,12060,"Atlanta-Sandy Springs-Roswell, GA",56526,37556,2122873352,12060,54,False,91878,0.615,red
48291,Liberty,26420,"Houston-Pasadena-The Woodlands, TX",56113,13227,742203390,26420,19,False,86124,0.652,red
37119,Mecklenburg,16740,"Charlotte-Concord-Gastonia, NC-SC",85620,702912,60183593415,16740,33,True,85620,1.0,center
48085,Collin,19100,"Dallas-Fort Worth-Arlington, TX",86024,471091,40525093303,19100,23,True,83628,1.029,center
34039,Union,35620,"New York-Newark-Jersey City, NY-NJ",82077,199693,16390311914,35620,36,False,116866,0.702,red
6087,Santa Cruz,42100,"Santa Cruz-Watsonville, CA",62102,85542,5312311687,41860,16,False,174600,0.356,red
27059,Isanti,33460,"Minneapolis-St. Paul-Bloomington, MN-WI",47467,9734,462064182,33460,27,False,88260,0.538,red
48439,Tarrant,19100,"Dallas-Fort Worth-Arlington, TX",69614,884438,61569003066,19100,23,False,83628,0.832,red
25023,Plymouth,14460,"Boston-Cambridge-Newton, MA-NH",65777,163961,10784928890,14460,21,False,127028,0.518,red
55093,Pierce,33460,"Minneapolis-St. Paul-Bloomington, MN-WI",45110,7477,337277466,33460,27,False,88260,0.511,red
18127,Porter,16980,"Chicago-Naperville-Elgin, IL-IN",56200,56608,3181356069,16980,28,False,84515,0.665,red
12101,Pasco,45300,"Tampa-St. Petersburg-Clearwater, FL",51736,124557,6444070110,45300,7,False,71571,0.723,red
27085,McLeod,26780,"Hutchinson, MN",54920,13938,765455051,33460,27,False,88260,0.622,red
37003,Alexander,25860,"Hickory-Lenoir-Morganton, NC",41601,7151,297477688,16740,33,False,85620,0.486,red
12081,Manatee,35840,"North Port-Bradenton-Sarasota, FL",57685,127788,7371529924,45300,7,False,71571,0.806,red
48121,Denton,19100,"Dallas-Fort Worth-Arlington, TX",64003,263238,16847882667,19100,23,True,83628,0.765,center
13199,Meriwether,12060,"Atlanta-Sandy Springs-Roswell, GA",48176,3534,170241727,12060,54,False,91878,0.524,red
27035,Crow Wing,14660,"Brainerd, MN",49138,26786,1316182144,33460,27,False,88260,0.557,red
37071,Gaston,16740,"Charlotte-Concord-Gastonia, NC-SC",51148,67684,3461942222,16740,33,False,85620,0.597,red
12011,Broward,33100,"Miami-Fort Lauderdale-West Palm Beach, FL",68530,751441,51496055066,33100,10,False,73564,0.932,red
17013,Calhoun,41180,"St. Louis, MO-IL",33278,509,16924470,41180,21,False,76954,0.432,red
48363,Palo Pinto,33420,"Mineral Wells, TX",46405,6299,292303179,19100,23,False,83628,0.555,red
27049,Goodhue,39860,"Red Wing, MN",59508,17188,1022830383,33460,27,False,88260,0.674,red
13129,Gordon,15660,"Calhoun, GA",55441,21913,1214886606,12060,54,False,91878,0.603,red
29219,Warren,41180,"St. Louis, MO-IL",49085,6645,326188613,41180,21,False,76954,0.638,red
44005,Newport,39300,"Providence-Warwick, RI-MA",60102,33808,2031927900,14460,21,False,127028,0.473,red
51760,Richmond,40060,"Richmond, VA",79977,120989,9676319155,47900,52,False,112038,0.714,red
23005,Cumberland,38860,"Portland-South Portland, ME",69817,169799,11854811547,14460,21,False,127028,0.55,red
42025,Carbon,10900,"Allentown-Bethlehem-Easton, PA-NJ",43886,13578,595893597,35620,36,False,116866,0.376,red
29187,St. Francois,22100,"Farmington, MO",40432,16569,669903468,41180,21,False,76954,0.525,red
26161,Washtenaw,11460,"Ann Arbor, MI",69032,133883,9242197263,19820,14,False,74128,0.931,red
51840,Winchester,49020,"Winchester, VA-WV",57420,21322,1224335767,47900,52,False,112038,0.513,red
8123,Weld,24540,"Greeley, CO",67327,98480,6630377723,19740,18,False,97862,0.688,red
27009,Benton,41060,"St. Cloud, MN",53646,15907,853345404,33460,27,False,88260,0.608,red
17117,Macoupin,41180,"St. Louis, MO-IL",46444,7926,368106372,41180,21,False,76954,0.604,red
42077,Lehigh,10900,"Allentown-Bethlehem-Easton, PA-NJ",68311,182559,12470760035,35620,36,False,116866,0.585,red
13247,Rockdale,12060,"Atlanta-Sandy Springs-Roswell, GA",58609,31815,1864676790,12060,54,False,91878,0.638,red
12043,Glades,17500,"Clewiston, FL",56228,1451,81605841,33100,10,False,73564,0.764,red
12103,Pinellas,45300,"Tampa-St. Petersburg-Clearwater, FL",64316,410654,26411759068,45300,7,False,71571,0.899,red
51183,Sussex,40060,"Richmond, VA",50994,2258,115143817,47900,52,False,112038,0.455,red
27079,Le Sueur,33460,"Minneapolis-St. Paul-Bloomington, MN-WI",54618,7154,390711289,33460,27,False,88260,0.619,red
13297,Walton,12060,"Atlanta-Sandy Springs-Roswell, GA",53940,22752,1227265931,12060,54,False,91878,0.587,red
17201,Winnebago,40420,"Rockford, IL",57273,112682,6453620219,16980,28,False,84515,0.678,red
37067,Forsyth,49180,"Winston-Salem, NC",64044,174452,11172565164,16740,33,False,85620,0.748,red
13231,Pike,12060,"Atlanta-Sandy Springs-Roswell, GA",46718,2562,119707589,12060,54,False,91878,0.508,red
26021,Berrien,35660,"Niles, MI",55274,52175,2883938960,16980,28,False,84515,0.654,red
55033,Dunn,32860,"Menomonie, WI",50645,14915,755376809,33460,27,False,88260,0.574,red
27143,Sibley,33460,"Minneapolis-St. Paul-Bloomington, MN-WI",54051,3072,166034246,33460,27,False,88260,0.612,red
27025,Chisago,33460,"Minneapolis-St. Paul-Bloomington, MN-WI",55566,13691,760732663,33460,27,False,88260,0.63,red
12085,Martin,38940,"Port St. Lucie, FL",56101,69716,3911095802,33100,10,False,73564,0.763,red
33011,Hillsborough,31700,"Manchester-Nashua, NH",77989,181065,14121092331,14460,21,False,127028,0.614,red
24037,St. Mary's,30500,"Lexington Park, MD",71313,32026,2283858589,47900,52,False,112038,0.637,red
4019,Pima,46060,"Tucson, AZ",57444,315520,18124784766,38060,7,False,70067,0.82,red
55109,St. Croix,33460,"Minneapolis-St. Paul-Bloomington, MN-WI",55012,31713,1744617663,33460,27,False,88260,0.623,red
36005,Bronx,35620,"New York-Newark-Jersey City, NY-NJ",62024,246578,15293824253,35620,36,True,116866,0.531,center
48425,Somervell,19100,"Dallas-Fort Worth-Arlington, TX",76345,3073,234596122,19100,23,False,83628,0.913,red
51670,Hopewell,40060,"Richmond, VA",67032,6070,406870137,47900,52,False,112038,0.598,red
8087,Morgan,22820,"Fort Morgan, CO",57021,10499,598674966,19740,18,False,97862,0.583,red
6029,Kern,12540,"Bakersfield-Delano, CA",53492,274649,14691410054,31080,6,False,78602,0.681,red
6071,San Bernardino,40140,"Riverside-San Bernardino-Ontario, CA",56015,708641,39694520970,31080,6,False,78602,0.713,red
48071,Chambers,26420,"Houston-Pasadena-The Woodlands, TX",77933,17896,1394654123,26420,19,False,86124,0.905,red
13227,Pickens,12060,"Atlanta-Sandy Springs-Roswell, GA",53991,7602,410460419,12060,54,False,91878,0.588,red
48181,Grayson,43300,"Sherman-Denison, TX",56640,43512,2464532604,19100,23,False,83628,0.677,red
34017,Hudson,35620,"New York-Newark-Jersey City, NY-NJ",94412,234547,22144155454,35620,36,False,116866,0.808,red
17037,DeKalb,16980,"Chicago-Naperville-Elgin, IL-IN",53182,27462,1460496608,16980,28,False,84515,0.629,red
12017,Citrus,26140,"Homosassa Springs, FL",46611,29936,1395335821,45300,7,False,71571,0.651,red
17093,Kendall,16980,"Chicago-Naperville-Elgin, IL-IN",47937,24504,1174643401,16980,28,False,84515,0.567,red
37045,Cleveland,43140,"Shelby-Kings Mountain, NC",49055,29520,1448111580,16740,33,False,85620,0.573,red
17119,Madison,41180,"St. Louis, MO-IL",55048,89215,4911111657,41180,21,False,76954,0.715,red
51047,Culpeper,47900,"Washington-Arlington-Alexandria, DC-VA-MD-WV",51969,13143,683016593,47900,52,False,112038,0.464,red
12083,Marion,36100,"Ocala, FL",49573,101919,5052456061,36740,12,False,64662,0.767,red
51730,Petersburg,40060,"Richmond, VA",50505,9975,503763641,47900,52,False,112038,0.451,red
37167,Stanly,10620,"Albemarle, NC",41803,17953,750491988,16740,33,False,85620,0.488,red
45079,Richland,17900,"Columbia, SC",59704,172284,10285961469,16740,33,False,85620,0.697,red
6017,El Dorado,40900,"Sacramento-Roseville-Folsom, CA",61755,47549,2936418213,41860,16,False,174600,0.354,red
17163,St. Clair,41180,"St. Louis, MO-IL",52492,73047,3834426767,41180,21,False,76954,0.682,red
48039,Brazoria,26420,"Houston-Pasadena-The Woodlands, TX",69668,98311,6849099095,26420,19,False,86124,0.809,red
48223,Hopkins,44860,"Sulphur Springs, TX",52918,11971,633465593,19100,23,False,83628,0.633,red
48321,Matagorda,13060,"Bay City, TX",69741,8810,614398081,26420,19,False,86124,0.81,red
6067,Sacramento,40900,"Sacramento-Roseville-Folsom, CA",67940,520956,35393664626,41860,16,False,174600,0.389,red
27037,Dakota,33460,"Minneapolis-St. Paul-Bloomington, MN-WI",69670,165985,11564192762,33460,27,False,88260,0.789,red
17171,Scott,27300,"Jacksonville, IL",52895,570,30132444,41180,21,False,76954,0.687,red
12117,Seminole,36740,"Orlando-Kissimmee-Sanford, FL",63185,195969,12382329200,36740,12,False,64662,0.977,brown
13013,Barrow,12060,"Atlanta-Sandy Springs-Roswell, GA",50698,19317,979325138,12060,54,False,91878,0.552,red
51097,King and Queen,40060,"Richmond, VA",50737,766,38881444,47900,52,False,112038,0.453,red
13263,Talbot,17980,"Columbus, GA-AL",52881,580,30653345,12060,54,False,91878,0.576,red
13097,Douglas,12060,"Atlanta-Sandy Springs-Roswell, GA",53602,44374,2378547519,12060,54,False,91878,0.583,red
51061,Fauquier,47900,"Washington-Arlington-Alexandria, DC-VA-MD-WV",60145,18587,1117895708,47900,52,False,112038,0.537,red
27003,Anoka,33460,"Minneapolis-St. Paul-Bloomington, MN-WI",62908,117024,7361688908,33460,27,False,88260,0.713,red
48201,Harris,26420,"Houston-Pasadena-The Woodlands, TX",86124,2145127,184747764562,26420,19,True,86124,1.0,center
26049,Genesee,22420,"Flint, MI",53040,115052,6102323045,19820,14,False,74128,0.716,red
34011,Cumberland,47220,"Vineland, NJ",53218,50513,2688191335,37980,16,False,80203,0.664,red
25027,Worcester,49340,"Worcester, MA",68064,297809,20270065075,14460,21,False,127028,0.536,red
4025,Yavapai,39150,"Prescott Valley-Prescott, AZ",49353,59568,2939845855,38060,7,False,70067,0.704,red
29071,Franklin,41180,"St. Louis, MO-IL",50833,34361,1746669572,41180,21,False,76954,0.661,red
36087,Rockland,35620,"New York-Newark-Jersey City, NY-NJ",59913,116637,6988091918,35620,36,False,116866,0.513,red
24013,Carroll,12580,"Baltimore-Columbia-Towson, MD",53672,49128,2636764971,12580,9,False,79122,0.678,red
4027,Yuma,49740,"Yuma, AZ",49076,56957,2795207408,38060,7,False,70067,0.7,red
13221,Oglethorpe,12020,"Athens-Clarke County, GA",46221,1418,65541342,12060,54,False,91878,0.503,red
24041,Talbot,20660,"Easton, MD",53137,15950,847543647,12580,9,False,79122,0.672,red
53017,Douglas,48300,"Wenatchee-East Wenatchee, WA",44385,10001,443877130,42660,13,False,124238,0.357,red
6065,Riverside,40140,"Riverside-San Bernardino-Ontario, CA",53535,685991,36724233140,31080,6,False,78602,0.681,red
29099,Jefferson,41180,"St. Louis, MO-IL",47859,39961,1912493866,41180,21,False,76954,0.622,red
48147,Fannin,14300,"Bonham, TX",50016,5933,296737443,19100,23,False,83628,0.598,red
